代码,序号,名称,最新价,成交量,成交额,市盈率(TTM),市净率
01789,1,爱康医疗,9.77,14208326,138172163.0,86.99,4.36
02158,2,医渡科技,9.15,53289218,490586416.0,-12.33,2.06
09990,3,祖龙娱乐,5.31,19834000,104008170.0,-6.9,1.22
01167,4,加科思-B,7.88,29010896,228747079.0,-17.78,3.43
09899,5,云音乐,89.65,171024,15377376.0,10.97,2.17
02400,6,心动公司,27.85,5692000,158248586.0,-12.37,5.71
00992,7,联想集团,7.0,107701657,752108320.0,5.13,2.09
00839,8,中教控股,10.12,16899000,170960887.0,12.28,1.62
06808,9,高鑫零售,3.18,22710500,73075416.0,-29.66,1.17
02273,10,固生堂,54.8,829500,45541427.0,-106.08,6.79
01858,11,春立医疗,20.15,1761500,36034647.0,21.36,2.67
06618,12,京东健康,57.05,9421829,540066992.0,-392.96,3.66
01798,13,大唐新能源,2.88,60741000,174505162.0,6.71,1.3
09909,14,宝龙商业,5.97,4075500,24457115.0,6.91,1.28
06088,15,FIT HON TENG,2.17,34040000,76270539.0,9.44,0.85
01896,16,猫眼娱乐,9.33,5729668,54383693.0,68.49,1.12
01209,17,华润万象生活,44.45,3315107,147567476.0,44.58,6.09
03808,18,中国重汽,12.14,10844000,133445444.0,14.47,0.81
02252,19,微创机器人-B,32.9,4769500,156733275.0,-33.71,13.54
00772,20,阅文集团,38.9,5369043,210579340.0,34.03,1.92
00302,21,中手游,2.13,35301000,76332280.0,25.68,0.87
03738,22,阜博集团,4.35,28269000,124970080.0,-439.91,6.45
09868,23,小鹏汽车-W,37.25,16251706,612188992.0,-7.21,1.47
01797,24,新东方在线,50.25,17242584,864951888.0,292.24,20.41
02192,25,医脉通,10.8,726000,7903500.0,138.19,1.59
01888,26,建滔积层板,10.6,5472775,57743512.0,6.3,2.01
00241,27,阿里健康,5.9,102200972,615425152.0,568.68,4.83
03990,28,美的置业,10.22,3316200,34013579.0,3.79,0.48
02013,29,微盟集团,5.22,72216597,382957632.0,-14.89,3.69
01448,30,福寿园,6.33,7473165,47529127.0,20.46,2.42
03900,31,绿城中国,10.88,6086353,66134893.0,6.12,0.66
01268,32,美东汽车,20.9,4920100,103462829.0,24.73,5.6
03613,33,同仁堂国药,12.26,1088000,13195979.0,18.48,3.03
03319,34,雅生活服务,8.72,8312237,72397273.0,4.76,0.91
09666,35,金科服务,12.96,1083500,14079259.0,8.13,0.96
00799,36,IGG,2.92,4535000,13271633.0,-9.23,1.12
00688,37,中国海外发展,19.72,20500591,406061648.0,5.11,0.52
02378,38,保诚,126.0,266350,33491512.0,21.31,2.74
00853,39,微创医疗,23.3,5553601,130993966.0,-14.12,4.4
00884,40,旭辉控股集团,1.05,140331638,149933226.0,1.97,0.22
01765,41,希望教育,0.71,36746000,25935880.0,11.25,0.62
00670,42,中国东方航空股份,3.22,17727000,57531330.0,-2.02,2.78
09993,43,金辉控股,4.67,1199000,5654480.0,6.01,0.67
01515,44,华润医疗,6.12,4532000,28062030.0,16.15,1.04
00960,45,龙湖集团,25.4,8392404,213062735.0,5.76,1.11
01995,46,旭辉永升服务,3.63,13180000,47994016.0,7.63,1.18
00728,47,中国电信,4.01,329184144,1344268720.0,12.22,0.78
02382,48,舜宇光学科技,99.6,5501672,550491392.0,25.54,4.5
09922,49,九毛九,20.25,11579384,235615718.0,119.04,8.3
01357,50,美图公司,2.31,165600000,397663344.0,-48.2,2.61
01238,51,宝龙地产,1.6,7733000,12529575.0,2.04,0.14
03331,52,维达国际,22.4,2105193,47149481.0,38.18,2.25
01030,53,新城发展,2.89,29784000,86314174.0,2.34,0.39
01686,54,新意网集团,4.99,1864335,9257721.0,13.78,2.55
00753,55,中国国航,7.02,15840518,112693154.0,-2.99,2.93
01813,56,合景泰富集团,1.78,22061618,39842885.0,50.14,0.12
00762,57,中国联通,5.92,128343756,765355568.0,9.57,0.45
01966,58,中骏集团控股,0.93,14745961,13840555.0,1.71,0.15
00493,59,国美零售,0.14,1022468000,145583062.0,-0.88,0.24
06078,60,海吉亚医疗,59.25,1566893,93215921.0,68.37,6.86
01610,61,中粮家佳康,2.41,16088000,38951450.0,-16.21,1.07
01516,62,融创服务,3.42,11809765,40722240.0,-83.99,1.22
02285,63,泉峰控股,41.9,237100,9997542.0,22.37,3.15
00941,64,中国移动,57.75,42522752,2461262624.0,8.75,0.88
02768,65,佳源国际控股,0.202,81718000,16683390.0,1.54,0.05
00881,66,中升控股,43.7,2252571,97947880.0,11.15,2.17
02007,67,碧桂园,2.58,134818061,348847584.0,4.91,0.31
06098,68,碧桂园服务,16.56,21863522,363399632.0,10.62,1.26
01880,69,中国中免,218.0,1290400,280373152.0,80.17,8.29
01024,70,快手-W,61.9,22061119,1383040592.0,-13.21,5.96
01833,71,平安好医生,19.42,10469707,206913771.0,-17.16,1.37
01359,72,中国信达,1.08,35777480,38679275.0,3.57,0.23
03913,73,合景悠活,1.63,4306359,7115561.0,4.19,0.8
01579,74,颐海国际,24.55,4232290,104479039.0,32.3,5.73
09863,75,零跑汽车,27.3,165900,4566470.0,-6.24,5.44
01668,76,华南城,0.55,2710000,1482880.0,17.47,0.15
09923,77,移卡,30.65,2348800,73762829.0,60.55,3.92
00874,78,白云山,22.7,1618000,37380000.0,8.6,1.06
09869,79,海伦司,14.88,3467040,52200670.0,-31.65,5.89
00669,80,创科实业,103.1,3011490,311628928.0,20.9,4.77
01083,81,港华智慧能源,4.02,3260487,13080876.0,8.64,0.59
03669,82,永达汽车,6.64,1335508,8834554.0,6.42,0.83
06049,83,保利物业,51.35,549600,28371758.0,24.72,3.37
02678,84,天虹国际集团,6.71,592595,3977047.0,2.2,0.5
00873,85,世茂服务,2.46,7500000,18771710.0,7.73,0.6
02150,86,奈雪的茶,6.16,3373000,20886196.0,-19.75,1.86
03690,87,美团-W,148.3,34797292,5175400192.0,-75.92,6.51
01033,88,中石化油服,0.63,7440000,4699740.0,112.12,1.42
02601,89,中国太保,22.3,12720371,284703504.0,7.95,0.87
02333,90,长城汽车,11.48,45855814,525896832.0,10.75,1.36
00285,91,比亚迪电子,26.55,3989979,106639596.0,38.93,2.09
00101,92,恒隆地产,16.02,6817863,108953212.0,18.79,0.54
02019,93,德信中国,0.67,14228000,9624190.0,1.62,0.26
00700,94,腾讯控股,382.6,21914350,8467285248.0,18.69,4.38
00763,95,中兴通讯,20.95,10240328,217430850.0,11.53,1.57
02599,96,祥生控股集团,0.35,2006000,710460.0,-0.65,0.13
06690,97,海尔智家,28.95,4267667,123653785.0,16.73,2.7
01600,98,天伦燃气,5.18,1189000,6188110.0,6.82,0.83
06862,99,海底捞,19.7,16558119,328534128.0,-20.76,12.28
02318,100,中国平安,57.45,21450519,1241327936.0,9.85,1.13
01299,101,友邦保险,85.2,14233446,1215744832.0,35.14,3.09
00719,102,山东新华制药股份,6.22,11622400,73725388.0,10.63,0.92
01890,103,中国科培,3.15,1946000,6189760.0,7.91,1.49
00168,104,青岛啤酒股份,78.8,2146798,169763629.0,25.51,3.73
02015,105,理想汽车-W,98.9,6451634,646732688.0,-94.48,4.25
00016,106,新鸿基地产,111.1,2326396,257906952.0,12.6,0.53
06110,107,滔搏,7.16,2520911,18052808.0,18.04,3.94
00116,108,周生生,11.28,618200,6909214.0,13.2,0.62
01755,109,新城悦服务,7.26,595000,4367640.0,11.64,2.28
01628,110,禹洲集团,0.41,4034071,1659836.0,35.63,0.1
09983,111,建业新生活,3.31,2847000,9471970.0,5.58,1.25
00817,112,中国金茂,1.66,12199897,20360908.0,6.39,0.37
03888,113,金山软件,29.25,5052961,148978744.0,-5.6,1.86
09987,114,百胜中国,472.2,255531,120436025.0,57.34,3.91
06969,115,思摩尔国际,10.42,12480304,131499596.0,17.79,2.75
00780,116,同程旅行,17.52,5655512,100502039.0,-393.98,2.28
01282,117,宝新金融,0.44,103084400,46597615.0,-1.17,0.13
03320,118,华润医药,6.24,8646628,54325789.0,9.0,0.78
00014,119,希慎兴业,26.8,1246549,33362132.0,29.37,0.38
00956,120,新天绿色能源,3.65,7229998,26493535.0,6.37,0.74
03396,121,联想控股,9.25,1379432,12941783.0,5.83,0.29
01951,122,锦欣生殖,6.48,18688036,122803361.0,40.27,1.75
01368,123,特步国际,9.28,10321424,97270656.0,19.52,2.53
00144,124,招商局港口,11.18,2905837,32429683.0,5.42,0.46
03311,125,中国建筑国际,9.38,7248779,68503399.0,6.29,0.84
02218,126,安德利果汁,6.57,81500,533360.0,8.72,0.9
01257,127,中国光大绿色环保,1.88,1184000,2221900.0,4.98,0.29
00008,128,电讯盈科,3.89,6984365,27193078.0,23.78,5.0
01997,129,九龙仓置业,43.85,1287577,56532499.0,-2832.74,0.67
00297,130,中化化肥,1.01,9796000,9916140.0,5.05,0.64
00696,131,中国民航信息网络,16.28,1558100,25543491.0,56.65,2.14
03709,132,赢家时尚,10.3,1094500,11210840.0,11.38,1.58
02202,133,万科企业,14.5,8092746,118110761.0,6.66,0.63
00390,134,中国中铁,4.18,12916274,54149849.0,3.12,0.38
01919,135,中远海控,8.4,17659157,149360223.0,1.03,0.55
00268,136,金蝶国际,16.84,10792211,183513509.0,-121.85,6.98
00005,137,汇丰控股,58.1,12427999,720694816.0,12.33,0.83
03800,138,协鑫科技,2.17,165460506,360630048.0,5.24,1.39
03377,139,远洋集团,1.1,5439321,6007421.0,11.34,0.14
06160,140,百济神州,143.6,1174497,169113199.0,-11.77,4.67
02858,141,易鑫集团,1.11,5512500,6228670.0,21.54,0.41
06185,142,康希诺生物,66.7,1296039,87269460.0,140.72,2.07
02121,143,创新奇智,17.82,709905,12607153.0,-14.48,3.44
00017,144,新世界发展,22.3,5740925,128825796.0,44.93,0.26
02314,145,理文造纸,3.42,25373600,86680976.0,7.43,0.49
00086,146,新鸿基公司,3.42,527332,1792325.0,-23.98,0.28
00914,147,海螺水泥,29.05,3291107,95761819.0,5.97,0.77
01876,148,百威亚太,23.55,6160815,144885882.0,38.8,3.79
02328,149,中国财险,7.26,17269636,125362495.0,5.55,0.67
00909,150,明源云,6.08,13116114,81206619.0,-9.51,1.86
06699,151,时代天使,122.0,290800,35837675.0,66.77,5.26
00347,152,鞍钢股份,2.44,4653516,11344653.0,-49.51,0.36
00095,153,绿景中国地产,1.22,6486000,8036760.0,4.64,0.2
02618,154,京东物流,15.04,9646599,146599678.0,-77.35,1.88
01072,155,东方电气,12.98,1850400,24278702.0,12.53,1.06
02331,156,李宁,71.55,7485343,539239024.0,38.06,7.28
06881,157,中国银河,3.94,25764407,101681623.0,3.81,0.41
01810,158,小米集团-W,13.14,74662669,990504304.0,164.01,2.1
03898,159,时代电气,39.45,1405887,55814533.0,21.25,1.5
02356,160,大新银行集团,6.64,1652400,10957776.0,5.67,0.31
02688,161,新奥能源,121.0,2392159,288346032.0,16.5,3.16
02628,162,中国人寿,13.66,16859000,231034823.0,10.41,0.77
01381,163,粤丰环保,4.1,1060000,4350600.0,6.76,1.09
00425,164,敏实集团,20.8,1694237,35551719.0,16.49,1.29
00921,165,海信家电,11.42,916001,10466106.0,9.87,1.26
00570,166,中国中药,4.3,29754212,128850205.0,13.07,0.93
00552,167,中国通信服务,2.87,9030891,26122273.0,5.24,0.43
01109,168,华润置地,36.2,11794236,430297632.0,7.39,0.97
09668,169,渤海银行,1.45,2284500,3320080.0,2.86,0.25
01811,170,中广核新能源,2.92,8086000,23873533.0,9.01,1.16
00175,171,吉利汽车,11.7,40692703,481303632.0,25.04,1.49
03339,172,中国龙工,1.55,4739000,7450170.0,11.85,0.6
00293,173,国泰航空,7.75,7609246,59336503.0,-14.0,0.73
06806,174,申万宏源,1.56,4794400,7496232.0,5.64,0.36
00581,175,中国东方集团,1.56,917374,1424511.0,2.34,0.21
00316,176,东方海外国际,125.1,792992,99653110.0,1.05,0.8
00308,177,香港中旅,1.6,4214000,6762540.0,-76.17,0.53
00341,178,大家乐集团,12.82,636000,8168440.0,154.04,2.71
00066,179,港铁公司,40.35,2934542,117962159.0,21.55,1.41
00322,180,康师傅控股,13.04,3795289,49346664.0,20.8,4.08
01186,181,中国铁建,4.9,10019000,49495180.0,2.35,0.27
01818,182,招金矿业,8.23,8309000,69033325.0,92.18,2.05
02313,183,申洲国际,91.75,4389422,405768256.0,33.58,3.96
00754,184,合生创展集团,8.37,1368644,11513007.0,2.29,0.25
06837,185,海通证券,5.22,12126727,63532253.0,8.72,0.38
09633,186,农夫山泉,43.8,2354186,102861280.0,54.31,20.89
03633,187,中裕能源,5.4,3273000,17716130.0,20.14,1.72
00388,188,香港交易所,334.6,4326675,1461672512.0,43.41,9.03
00004,189,九龙仓集团,18.74,1398512,26397339.0,11.37,0.36
03678,190,弘业期货,1.9,10902000,21091650.0,30.4,0.92
02018,191,瑞声科技,19.0,4960639,95188437.0,25.88,0.89
00371,192,北控水务集团,1.97,7458042,14753143.0,8.02,0.55
01800,193,中国交通建设,4.0,8925555,35928624.0,3.05,0.25
00586,194,海螺创业,16.0,2006946,32225501.0,1.34,0.57
01113,195,长实集团,50.55,1703505,86345815.0,7.04,0.48
00857,196,中国石油股份,4.12,62001031,255887033.0,4.97,0.51
01458,197,周黑鸭,4.17,7392000,30990620.0,64.75,2.11
06030,198,中信证券,17.02,5366773,91730650.0,10.67,0.89
01052,199,越秀交通基建,4.48,1204842,5432764.0,4.96,0.57
02607,200,上海医药,13.7,1104272,15180370.0,8.45,0.69
01675,201,亚信科技,13.94,406399,5694286.0,15.89,1.82
02005,202,石四药集团,4.74,1638747,7725028.0,12.63,2.27
02196,203,复星医药,24.0,3695421,88749919.0,16.0,1.33
00598,204,中国外运,2.51,4114000,10405908.0,3.96,0.48
01339,205,中国人民保险集团,2.56,20168120,51950760.0,4.23,0.46
02388,206,中银香港,26.2,6848774,179546981.0,10.97,0.94
00019,207,太古股份公司A,65.65,850596,55856737.0,15.78,0.36
01055,208,中国南方航空股份,5.4,10912887,59863365.0,-3.75,1.72
02138,209,医思健康,8.2,1409000,11592475.0,82.83,4.99
03969,210,中国通号,2.76,5424000,15048190.0,7.63,0.64
00270,211,粤海投资,8.43,4263596,35897506.0,11.81,1.29
01898,212,中煤能源,5.95,9351026,55895592.0,3.23,0.54
03968,213,招商银行,44.7,13361103,601604160.0,7.3,1.06
00354,214,中国软件国际,6.04,21876609,133880383.0,13.13,1.3
06886,215,华泰证券,9.15,3712501,34081609.0,7.42,0.53
06069,216,盛业,6.16,1564500,9661065.0,12.68,1.37
02669,217,中海物业,9.78,2332203,23058700.0,28.9,10.11
01066,218,威高股份,13.32,3152998,42221608.0,20.87,2.53
01070,219,TCL电子,3.51,1651333,5810694.0,22.39,0.51
00998,220,中信银行,3.71,27856779,103461385.0,2.61,0.24
06066,221,中信建投证券,7.71,4106500,31936789.0,5.74,0.8
01882,222,海天国际,21.3,987000,21065750.0,11.01,1.83
01313,223,华润水泥控股,4.35,4904170,21454739.0,7.08,0.63
01093,224,石药集团,8.75,32410441,285108720.0,16.46,3.18
09992,225,泡泡玛特,22.55,7684284,175725363.0,32.14,3.74
00001,226,长和,47.9,3573749,171854032.0,5.35,0.36
06993,227,蓝月亮集团,4.92,1147500,5714905.0,31.71,2.57
01336,228,新华保险,19.86,3422465,68354524.0,6.85,0.56
01839,229,中集车辆,5.08,35000,177000.0,11.96,0.76
00392,230,北京控股,26.45,901104,23906321.0,3.86,0.35
00883,231,中国海洋石油,11.38,40375197,460984176.0,3.88,0.86
00694,232,北京首都机场股份,5.91,6366585,37697493.0,-8.64,1.24
00148,233,建滔集团,30.8,768370,23769897.0,4.2,0.56
00165,234,中国光大控股,6.21,1584000,9903020.0,-5.62,0.25
00551,235,裕元集团,12.5,427067,5372279.0,8.99,0.62
00636,236,嘉里物流,14.06,471082,6689017.0,3.66,1.39
03323,237,中国建材,7.07,15034761,107036898.0,5.6,0.52
02319,238,蒙牛乳业,37.05,5812190,216984734.0,21.49,3.22
00659,239,新创建集团,7.42,1022189,7598445.0,18.29,0.67
01952,240,云顶新耀-B,18.22,6237500,117128147.0,-3.76,0.98
09858,241,优然牧业,2.0,2809000,5673140.0,7.71,0.49
09688,242,再鼎医药,29.2,705206,20866000.0,-6.14,3.29
06988,243,乐享集团,1.3,19537000,25451120.0,14.5,1.07
06968,244,港龙中国地产,0.67,12664000,8552800.0,1.84,0.23
06878,245,鼎丰集团汽车,0.211,554560000,118949728.0,2.75,0.47
06680,246,金力永磁,26.55,454400,11905085.0,25.52,2.99
06196,247,郑州银行,1.14,10845000,12440450.0,2.58,0.2
06169,248,宇华教育,0.0,0,0.0,6.24,0.62
06158,249,正荣地产,0.34,22939000,7910645.0,-0.43,0.08
03998,250,波司登,4.36,15757278,69553545.0,19.92,3.73
03996,251,中国能源建设,0.94,30252000,28872660.0,4.84,0.4
03988,252,中国银行,2.93,152423999,446622592.0,3.45,0.39
03908,253,中金公司,17.06,10165206,174448372.0,7.98,0.91
03877,254,中国船舶租赁,1.26,1208000,1514020.0,4.9,0.71
03868,255,信义能源,2.81,3980000,11240060.0,16.93,1.69
03618,256,重庆农村商业银行,2.75,4878549,13458148.0,2.81,0.26
03606,257,福耀玻璃,36.7,1317614,48582319.0,19.46,3.04
03383,258,雅居乐集团,2.25,14242058,32461977.0,2.37,0.16
03328,259,交通银行,4.8,8560376,41118840.0,3.54,0.39
02880,260,辽港股份,0.73,6248600,4500334.0,11.15,0.41
02866,261,中远海发,1.06,5703031,6078574.0,3.09,0.45
02772,262,中梁控股,0.66,8209000,5487690.0,1.15,0.16
02160,263,心通医疗-B,2.84,5030000,14611880.0,-24.85,1.95
02096,264,先声药业,10.08,8484000,85955426.0,22.64,3.74
02016,265,浙商银行,2.76,696000,1919210.0,3.9,0.39
02009,266,金隅集团,1.06,8907000,9398475.0,4.02,0.21
01996,267,弘阳地产,0.43,6074000,2635855.0,-6.66,0.08
01873,268,维亚生物,1.68,6918500,11812552.0,24.97,0.71
01788,269,国泰君安国际,0.72,4087000,2978740.0,21.61,0.45
01658,270,邮储银行,4.93,38333538,189015588.0,4.82,0.61
01635,271,大众公用,1.23,263000,322660.0,-49.42,0.39
01398,272,工商银行,3.98,240713771,962971536.0,3.54,0.42
01288,273,农业银行,2.77,85930709,237996972.0,3.48,0.4
01119,274,创梦天地,3.97,5720400,23037752.0,-16.67,1.22
01060,275,阿里影业,0.53,140990000,75950750.0,64.41,0.9
01057,276,浙江世宝,1.64,3754000,6256020.0,-603.3,0.85
00788,277,中国铁塔,0.87,164614189,144071531.0,16.35,0.69
00775,278,长江生命科技,0.78,5685513,4452209.0,58.78,1.74
00743,279,亚洲水泥(中国),3.7,551601,2043661.0,6.81,0.31
00588,280,北京北辰实业股份,0.92,446000,411700.0,-3.1,0.21
00460,281,四环医药,0.97,25111792,24707698.0,-50.08,1.07
00336,282,华宝国际,3.96,2385000,9484270.0,-91.51,0.81
00272,283,瑞安房地产,1.02,4741583,4871751.0,6.97,0.18
00267,284,中信股份,8.94,5902918,52934196.0,3.42,0.35
00256,285,冠城钟表珠宝,1.35,2217999,2986738.0,-46.77,1.42
00215,286,和记电讯香港,1.3,2672000,3475420.0,-50.93,0.6
00173,287,嘉华国际,2.9,241276,704777.0,2.48,0.2
00136,288,中国儒意,1.87,32433375,61644147.0,4.24,2.68
00059,289,天誉置业,0.054,163198000,8962250.0,-0.19,0.15
00777,290,网龙,17.66,328000,5866523.0,6.83,1.16
01308,291,海丰国际,16.8,6751093,113944036.0,3.11,2.6
00177,292,江苏宁沪高速公路,7.49,1062123,7960922.0,9.91,1.09
01928,293,金沙中国有限公司,29.05,8529933,250222105.0,-20.99,230.45
01776,294,广发证券,11.5,3818977,44312564.0,10.64,0.74
00811,295,新华文轩,5.75,414000,2391300.0,4.68,0.54
06821,296,凯莱英,109.9,128800,14209170.0,11.88,2.44
02099,297,中国黄金国际,26.5,984700,25965412.0,5.72,0.74
02869,298,绿城服务,5.29,2605332,13817219.0,22.83,2.12
00083,299,信和置业,10.3,4233353,43672316.0,14.48,0.53
00939,300,建设银行,4.93,289271504,1429613680.0,3.51,0.42
02611,301,国泰君安,9.43,1447575,13727934.0,6.52,0.48
01088,302,中国神华,23.1,24645331,571241184.0,5.68,1.06
02666,303,环球医疗,4.46,6193398,27861674.0,3.85,0.54
00522,304,ASMPT,66.7,702542,47102174.0,8.42,1.78
00836,305,华润电力,17.24,7588160,130257954.0,253.44,0.96
01860,306,汇量科技,4.19,1442002,6104358.0,22.7,3.55
00011,307,恒生银行,123.7,805090,99657106.0,23.9,1.39
01258,308,中国有色矿业,4.09,4218000,17499195.0,6.19,1.22
02616,309,基石药业-B,3.98,15611000,63208620.0,-2.9,4.6
00861,310,神州控股,3.91,1537000,6069405.0,9.18,0.67
06198,311,青岛港,3.8,758000,2895110.0,5.17,0.61
02001,312,新高教集团,3.59,1184052,4294313.0,7.94,1.55
00855,313,中国水务,7.0,1333800,9345820.0,6.2,0.92
03799,314,达利食品,3.43,2455914,8446312.0,11.75,2.17
00257,315,光大环境,3.31,6633065,22139688.0,3.55,0.4
00081,316,中国海外宏洋集团,3.3,4550000,15140210.0,2.09,0.34
01349,317,复旦张江,3.24,154000,498470.0,22.93,1.36
00291,318,华润啤酒,59.55,8547823,510614176.0,40.32,6.04
01883,319,中信国际电讯,2.89,3284511,9555557.0,9.58,1.07
03866,320,青岛银行,2.88,500500,1447015.0,4.89,0.51
01988,321,民生银行,2.83,9357459,26620686.0,3.43,0.22
01992,322,复星旅游文化,10.62,2087400,22334288.0,-12.48,3.58
01521,323,方达控股,2.61,2478000,6480700.0,23.63,2.11
00590,324,六福集团,25.9,540517,13987473.0,10.89,1.3
00868,325,信义玻璃,15.3,4252303,65871741.0,6.64,1.92
06639,326,瑞尔集团,9.95,918500,9190025.0,-16.3,3.11
06600,327,赛生药业,9.92,3090000,30505248.0,7.07,2.28
03692,328,翰森制药,14.6,2473002,36452654.0,27.18,3.5
00220,329,统一企业中国,7.27,2328898,16957216.0,21.18,2.14
03309,330,希玛眼科,4.78,1706000,8246560.0,263.64,3.28
06978,331,永泰生物-B,7.11,3654000,26281275.0,-9.01,4.57
01211,332,比亚迪股份,235.2,7236003,1712791216.0,62.47,6.04
06818,333,中国光大银行,2.34,13144676,30963496.0,2.55,0.29
03360,334,远东宏信,7.0,3964177,27749991.0,4.47,0.61
00968,335,信义光能,9.17,11169324,103506477.0,21.72,2.71
00489,336,东风集团股份,4.31,8154723,35444312.0,3.81,0.21
01972,337,太古地产,21.1,1034241,21835098.0,13.05,0.43
00386,338,中国石油化工股份,4.16,62986722,263337158.0,6.6,0.58
00902,339,华能国际电力股份,4.12,17691926,72729912.0,-3.74,1.14
02777,340,富力地产,2.02,3162350,6472132.0,-0.24,0.1
02588,341,中银航空租赁,60.2,462670,28099551.0,-1032.52,1.08
00683,342,嘉里建设,19.9,1314118,26181866.0,3.1,0.25
02357,343,中航科工,3.89,16761002,65906065.0,11.04,0.95
09959,344,联易融科技-W,3.86,5825500,22699852.0,89.19,0.76
00966,345,中国太平,9.65,4835063,47179021.0,6.79,0.41
00107,346,四川成渝高速公路,1.88,790000,1495630.0,3.3,0.29
00012,347,恒基地产,27.55,1858021,51454165.0,11.67,0.4
02883,348,中海油田服务,9.14,6742669,61559715.0,42.7,1.01
01816,349,中广核电力,1.81,25643018,46451993.0,8.45,0.78
06178,350,光大证券,5.41,1583000,8707027.0,7.01,0.35
01137,351,香港科技探索,5.28,668000,3575060.0,104.15,2.22
00363,352,上海实业控股,10.54,561000,5937760.0,4.22,0.25
02128,353,中国联塑,8.67,2398668,21090584.0,9.11,1.11
01908,354,建发国际集团,26.0,1589163,41243130.0,9.58,3.41
09979,355,绿城管理控股,6.86,1474500,10155270.0,17.99,3.53
00697,356,首程控股,1.67,2304000,3894380.0,15.81,1.18
01911,357,华兴资本控股,10.0,1062900,10736336.0,20.07,0.73
02246,358,快狗打车,3.26,2008800,6671044.0,-1.04,1.11
06099,359,招商证券,7.98,1419300,11498048.0,6.66,0.64
00826,360,天工国际,2.96,9372000,28511240.0,10.54,1.05
00568,361,山东墨龙,2.92,2487200,7381216.0,-3.99,1.84
00410,362,SOHO中国,1.45,2728500,3979037.0,46.16,0.18
00440,363,大新金融,21.7,127000,2765490.0,5.5,0.24
06055,364,中烟香港,11.46,635000,7321620.0,25.9,4.25
00006,365,电能实业,42.9,1840420,78958339.0,14.06,1.05
00002,366,中电控股,56.7,2420344,137633408.0,-146.32,1.34
00152,367,深圳国际,7.05,5436282,38536423.0,5.29,0.48
00916,368,龙源电力,11.12,13256203,148728335.0,15.04,1.27
01530,369,三生制药,8.3,4539355,37594892.0,10.14,1.44
00525,370,广深铁路股份,1.36,2382000,3253900.0,-5.09,0.33
01121,371,金阳新能源,8.14,566000,4623680.0,-130.37,17.91
02238,372,广汽集团,5.36,15862402,85787858.0,4.94,0.51
01382,373,互太纺织,2.67,3001000,8032133.0,7.95,1.18
09939,374,开拓药业-B,10.46,5990500,63829120.0,-3.87,3.37
00546,375,阜丰集团,5.15,2436000,12572170.0,4.11,0.77
00003,376,香港中华煤气,7.6,11917778,90820232.0,34.32,2.22
00895,377,东江环保,2.53,254600,649550.0,-21.89,0.45
01585,378,雅迪控股,17.7,8584818,152707278.0,27.62,8.39
01907,379,中国旭阳集团,3.72,3885000,14545430.0,5.36,1.13
01044,380,恒安国际,37.15,1525598,56944494.0,13.15,1.88
02186,381,绿叶制药,3.69,29491000,110064075.0,-50.01,1.27
02500,382,启明医疗-B,14.5,1887000,28051490.0,-11.88,1.24
01375,383,中州证券,1.19,1370000,1659350.0,42.07,0.36
03369,384,秦港股份,1.16,2004000,2317120.0,4.95,0.34
01958,385,北京汽车,2.3,3334254,7746626.0,3.79,0.31
01199,386,中远海运港口,5.54,1699261,9489975.0,6.83,0.45
00200,387,新濠国际发展,9.93,2823094,28163975.0,-3.32,3.53
06996,388,德琪医药-B,4.41,2100000,9429289.0,-4.49,1.15
06060,389,众安在线,21.9,4713914,105078543.0,-129.42,1.72
03958,390,东方证券,4.3,4474000,19608744.0,10.82,0.46
01099,391,国药控股,21.5,3822404,82799689.0,7.67,0.93
03899,392,中集安瑞科,8.52,2094200,17937490.0,15.73,1.76
01963,393,重庆银行,4.23,805500,3436460.0,2.75,0.3
00119,394,保利置业集团,1.92,8106000,15799670.0,3.15,0.19
01038,395,长江基建集团,42.85,859480,37039024.0,12.11,0.91
00142,396,第一太平,2.81,3508000,9995660.0,3.85,0.46
00323,397,马鞍山钢铁股份,1.85,4804000,8963260.0,-24.54,0.42
00288,398,万洲国际,4.62,13301899,62099235.0,6.43,0.84
02799,399,中国华融,0.46,42721000,19760675.0,-1.69,0.83
00934,400,中石化冠德,2.74,2016400,5560060.0,9.3,0.45
03301,401,融信中国,0.91,16781500,15520230.0,-0.34,0.1
01717,402,澳优,4.5,1146000,5284920.0,10.44,1.15
01157,403,中联重科,4.48,8501398,38742883.0,12.92,0.65
00548,404,深圳高速公路股份,7.14,1044000,7494360.0,5.23,0.78
00751,405,创维集团,4.44,6938404,31187998.0,7.47,0.59
00179,406,德昌电机控股,9.64,1114750,10863062.0,10.46,0.5
01196,407,伟禄集团,8.7,1932000,16732920.0,99.39,3.24
01053,408,重庆钢铁股份,0.87,1552000,1365120.0,-8.01,0.32
00639,409,首钢资源,2.61,4498000,11837730.0,3.8,0.77
01330,410,绿色动力环保,2.6,682000,1784910.0,5.61,0.47
01310,411,香港宽频,5.13,4436000,22852219.0,12.16,1.37
00990,412,荣晖国际,0.85,9380000,8076000.0,10.77,2.8
02282,413,美高梅中国,10.14,5800800,59526780.0,-8.53,-32.45
00151,414,中国旺旺,5.06,9472473,48018711.0,14.66,3.97
00135,415,昆仑能源,6.61,9557622,63585763.0,8.69,0.85
01065,416,天津创业环保股份,3.21,22000,70480.0,5.83,0.55
00467,417,联合能源集团,0.76,17840000,13546720.0,7.83,1.36
00512,418,远大医药,4.55,1492500,6897250.0,8.45,1.19
01302,419,先健科技,3.02,9660000,29422820.0,39.48,4.61
01193,420,华润燃气,33.75,2423107,82252301.0,12.62,1.96
01208,421,五矿资源,2.24,20068000,45395312.0,7.12,1.19
02338,422,潍柴动力,11.78,7818994,92747108.0,20.64,1.31
00564,423,郑煤机,8.05,1602600,13057052.0,5.56,0.76
00576,424,浙江沪杭甬,6.54,876426,5779131.0,6.89,0.9
01622,425,力高集团,1.44,1124000,1619000.0,12.36,0.59
06606,426,诺辉健康-B,32.25,3833120,123722791.0,-48.76,6.08
00991,427,大唐发电,1.41,23002000,32731700.0,-2.34,0.8
01691,428,JS环球生活,9.55,886980,8516241.0,10.88,2.42
02257,429,圣诺医药-B,51.15,82700,4273720.0,-2.57,3.23
00338,430,上海石油化工股份,1.36,11725000,16170460.0,-7.03,0.49
00038,431,第一拖拉机股份,4.08,1810000,7488460.0,6.13,0.71
01071,432,华电国际电力股份,3.38,10660000,36280858.0,-11.43,0.49
02343,433,太平洋航运,2.68,18418000,49816616.0,1.56,0.88
00656,434,复星国际,7.33,2273548,16974816.0,5.87,0.41
01477,435,欧康维视生物-B,10.66,1491500,16300880.0,-16.39,2.13
01112,436,H&H国际控股,13.24,693000,9229249.0,15.16,1.19
01234,437,中国利郎,3.97,210000,854360.0,8.96,1.08
01821,438,ESR,14.54,4947100,72305871.0,15.85,0.99
02020,439,安踏体育,105.1,10189009,1082664752.0,32.66,7.71
01877,440,君实生物,32.8,879400,29387180.0,-15.22,4.46
06989,441,卓越商企服务,3.92,733354,2896091.0,7.43,1.14
00981,442,中芯国际,16.74,23014755,388901664.0,9.35,0.89
00732,443,信利国际,1.28,11576000,15117300.0,3.63,0.36
00189,444,东岳集团,8.91,6869012,61927836.0,5.43,1.21
06127,445,昭衍新药,35.0,510204,18166247.0,18.01,2.21
01171,446,兖矿能源,22.1,11367005,253011858.0,3.04,1.27
01787,447,山东黄金,13.82,2723750,37846467.0,30.91,2.49
00185,448,正商实业,1.23,929000,1157130.0,5.73,0.25
02727,449,上海电气,1.84,2998000,5587510.0,-3.71,0.46
02157,450,乐普生物-B,6.74,1379000,9477700.0,-11.34,7.93
02899,451,紫金矿业,12.08,28888392,352055504.0,13.67,3.41
00806,452,惠理集团,3.02,399000,1225550.0,-30.55,1.19
01513,453,丽珠医药,27.1,549301,15078948.0,12.53,1.71
00535,454,金地商置,0.6,11162000,6849840.0,2.12,0.4
02039,455,中集集团,5.98,463450,2807726.0,29.65,0.64
01766,456,中国中车,3.54,10351604,36855260.0,9.31,0.62
01233,457,时代中国控股,1.18,19935000,24489920.0,1.28,0.11
00027,458,银河娱乐,52.5,7306598,387428544.0,-486.6,3.52
00880,459,澳博控股,4.07,13262750,54727895.0,-4.75,1.6
00303,460,VTECH HOLDINGS,49.0,567838,28067680.0,8.87,2.7
01117,461,现代牧业,1.15,11758000,13912000.0,7.56,0.7
00856,462,伟仕佳杰,4.6,2042000,9543160.0,5.7,0.88
09878,463,汇通达网络,37.05,170600,6378330.0,-445.54,2.27
01929,464,周大福,15.84,8449162,134992119.0,24.49,4.99
09989,465,海普瑞,5.6,1259000,7141172.0,17.22,0.6
00023,466,东亚银行,10.08,1501440,15206604.0,6.2,0.28
01618,467,中国中冶,1.67,9475000,16068060.0,3.49,0.35
01478,468,丘钛科技,4.97,706000,3554876.0,10.98,1.05
01316,469,耐世特,5.41,4141912,22716304.0,71.62,0.92
03933,470,联邦制药,4.82,1594000,7788312.0,7.53,0.77
00520,471,呷哺呷哺,7.92,15168500,122505784.0,-14.07,4.56
01128,472,永利澳门,8.43,15208554,129468994.0,-6.67,-3.27
01138,473,中远海能,7.84,10437900,82730290.0,-7.06,1.11
02359,474,药明康德,90.0,2195339,199825867.0,27.03,5.38
09997,475,康基医疗,9.23,612500,5740215.0,23.14,2.89
09926,476,康方生物-B,42.4,7456600,318205312.0,-23.82,11.69
02233,477,西部水泥,0.97,44210000,43599120.0,3.8,0.39
00604,478,深圳控股,1.45,2518500,3696545.0,-7.36,0.27
01177,479,中国生物制药,4.24,47327661,201969870.0,8.48,2.26
06865,480,福莱特玻璃,21.15,2958597,63596950.0,21.53,3.06
00384,481,中国燃气,12.1,7526017,91080492.0,9.66,1.13
02255,482,海昌海洋公园,1.86,14050244,26285838.0,22.15,3.71
06869,483,长飞光纤光缆,15.7,5648100,90035413.0,10.55,1.09
02038,484,富智康集团,0.92,8333000,7801420.0,15.29,0.48
00995,485,安徽皖通高速公路,7.16,2360000,17123738.0,7.42,0.92
01528,486,红星美凯龙,3.57,5321013,19368284.0,10.81,0.26
02689,487,玖龙纸业,6.65,9844038,65521042.0,8.15,0.57
00358,488,江西铜业股份,13.12,5484116,72703439.0,6.85,0.59
00317,489,中船防务,7.79,1684000,13236340.0,102.63,0.66
09995,490,荣昌生物-B,56.15,3959050,225192572.0,100.04,5.25
00013,491,和黄医药,25.9,4917000,129541575.0,-11.19,3.57
00587,492,海螺环保,3.02,4912630,15035295.0,8.38,1.78
00553,493,南京熊猫电子股份,3.88,536000,2148580.0,74.98,0.91
00187,494,京城机电股份,3.44,2350000,8208300.0,379.18,1.58
02380,495,中国电力,3.41,48603281,166980131.0,-29.87,1.11
01176,496,珠光控股,0.84,370000,315560.0,-9.19,0.83
00558,497,力劲科技,9.98,13417751,136898335.0,23.98,3.86
06100,498,同道猎聘,13.24,3533600,47313048.0,23.97,1.89
01999,499,敏华控股,8.18,5153061,42856694.0,13.63,2.93
00867,500,康哲药业,12.96,1729069,22617692.0,8.52,1.96
06655,501,华新水泥,8.88,412700,3757311.0,4.18,0.62
00658,502,中国高速传动,3.57,2068000,7515556.0,9.72,0.47
00242,503,信德集团,1.58,2752819,4429912.0,6.62,0.14
01456,504,国联证券,3.9,1418000,5600375.0,11.41,0.6
00665,505,海通国际,0.78,26613600,21075222.0,-1.55,0.21
02137,506,腾盛博药-B,6.56,38364000,258534780.0,-2.62,1.28
01801,507,信达生物,40.4,8055279,330481248.0,-27.89,5.53
01772,508,赣锋锂业,64.5,4329879,282989552.0,6.71,3.03
00819,509,天能动力,10.62,3015999,32457669.0,7.31,0.77
01108,510,洛阳玻璃股份,9.04,644000,5943980.0,25.63,1.29
06826,511,昊海生物科技,43.15,255100,11203615.0,32.85,1.2
00667,512,中国东方教育,5.99,6428500,39142967.0,36.57,2.01
01361,513,361度,3.68,875000,3269890.0,8.66,0.85
02208,514,金风科技,7.35,7492360,56022156.0,10.89,0.8
01548,515,金斯瑞生物科技,22.0,11451890,257105597.0,-15.29,7.83
06616,516,环球新材国际,5.09,3089000,15860800.0,29.78,2.28
02171,517,科济药业-B,15.84,2029500,32778879.0,-10.67,2.78
02162,518,康诺亚-B,66.6,918000,61329678.0,-62.89,4.38
00506,519,中国食品,2.8,512000,1452660.0,10.31,1.25
03993,520,洛阳钼业,4.52,21918316,99769990.0,12.88,1.74
00650,521,普达特科技,1.02,3576000,3645060.0,-31.61,3.12
06186,522,中国飞鹤,6.79,23019572,158878431.0,9.78,2.41
03347,523,泰格医药,94.85,1138775,108329617.0,27.69,3.9
02279,524,雍禾医疗,9.1,903500,8337265.0,42.12,2.27
00123,525,越秀地产,11.44,12960882,149085032.0,10.11,0.65
00020,526,商汤-W,2.65,230422236,626595584.0,-4.57,2.44
01812,527,晨鸣纸业,2.55,2682500,7008055.0,55.53,0.38
02362,528,金川国际,0.63,24837000,16030700.0,9.25,1.03
02402,529,亿华通,62.95,102700,6544315.0,-40.77,2.79
03759,530,康龙化成,47.0,1262125,60446952.0,32.01,4.96
00345,531,VITASOY INT'L,17.42,1569598,27924140.0,-374.92,5.86
00327,532,百富环球,7.24,1010263,7502336.0,6.16,1.16
02600,533,中国铝业,4.0,36771775,149213486.0,14.31,1.07
00631,534,三一国际,7.84,2485690,19772964.0,15.26,2.31
09956,535,安能物流,5.33,1209500,6603395.0,11.23,2.5
09996,536,沛嘉医疗-B,11.38,2902899,34083025.0,-13.43,2.24
01347,537,华虹半导体,30.55,8315605,258848004.0,11.38,1.69
01475,538,日清食品,6.4,733000,4726870.0,21.57,1.78
01378,539,中国宏桥,7.99,35369386,289670192.0,4.1,0.75
02269,540,药明生物,57.85,40275516,2371843536.0,51.26,6.07
02068,541,中铝国际,1.76,5805000,10511830.0,-5.4,0.87
09696,542,天齐锂业,63.45,3929600,252361972.0,4.93,2.3
01385,543,上海复旦,29.05,4330000,128066750.0,21.77,5.07
06855,544,亚盛医药-B,25.3,5662200,146944892.0,-7.66,7.1
09966,545,康宁杰瑞制药-B,13.76,14703000,206609423.0,-38.83,6.57
02197,546,三叶草生物-B,2.42,46770500,117878885.0,-0.46,15.16
01725,547,香港航天科技,11.02,172165900,2378606560.0,-30.48,8.31
09969,548,诺诚健华-B,8.85,54328393,493769776.0,-14.31,1.83
