,序号,代码,名称,最新价,涨跌额,涨跌幅,今开,最高,最低,昨收,成交量,成交额
0,1,02121,创新奇智,25.75,5.7,28.43,20.35,26.3,19.78,20.05,22596650,522407392.0
1,2,02158,医渡科技,8.62,1.3,17.76,7.39,8.64,7.14,7.32,36586760,295132368.0
2,3,09955,智云健康,9.18,1.12,13.9,8.16,9.3,7.97,8.06,10541600,91196549.0
3,4,00020,商汤-W,3.26,0.37,12.8,3.12,3.4,3.06,2.89,1974669088,6315488256.0
4,5,02145,上美股份,28.45,3.2,12.67,25.7,35.0,25.3,25.25,1073500,32426165.0
5,6,00390,中国中铁,5.2,0.38,7.88,4.86,5.27,4.77,4.82,68929688,353191520.0
6,7,09926,康方生物,42.6,3.05,7.71,39.0,42.95,38.1,39.55,9473233,383601808.0
7,8,01818,招金矿业,12.32,0.8,6.94,11.76,12.46,11.64,11.52,14554428,177296250.0
8,9,02099,中国黄金国际,30.6,1.8,6.25,28.85,30.9,28.45,28.8,1955900,58128378.0
9,10,02162,康诺亚-B,58.6,3.35,6.06,55.25,59.0,54.15,55.25,1668000,94925430.0
10,11,01167,加科思-B,7.0,0.4,6.06,6.75,7.09,6.21,6.6,5515500,36516354.0
11,12,09858,优然牧业,2.01,0.11,5.79,1.92,2.01,1.88,1.9,6113000,11839984.0
12,13,01186,中国铁建,5.94,0.31,5.51,5.63,6.03,5.63,5.63,37536488,221249980.0
13,14,01800,中国交通建设,4.83,0.25,5.46,4.6,4.9,4.6,4.58,66697619,319145600.0
14,15,01618,中国中冶,2.15,0.11,5.39,2.04,2.15,1.98,2.04,57818000,121247330.0
15,16,01066,威高股份,12.96,0.62,5.02,12.44,13.06,12.34,12.34,9332799,119010289.0
16,17,01952,云顶新耀-B,14.7,0.66,4.7,14.26,14.86,13.34,14.04,6997929,98816650.0
17,18,00013,和黄医药,21.05,0.9,4.47,20.15,21.1,19.22,20.15,4101736,82718198.0
18,19,09966,康宁杰瑞制药-B,14.32,0.6,4.37,13.96,14.32,13.18,13.72,5022018,69055595.0
19,20,00728,中国电信,4.36,0.18,4.31,4.2,4.4,4.16,4.18,176021797,764063888.0
20,21,00981,中芯国际,20.85,0.85,4.25,20.35,21.55,20.05,20.0,172316796,3613922800.0
21,22,01801,信达生物,36.3,1.4,4.01,34.4,36.55,32.9,34.9,14446374,501737936.0
22,23,03996,中国能源建设,1.04,0.04,4.0,1.0,1.04,0.99,1.0,28604000,29195120.0
23,24,01766,中国中车,4.57,0.16,3.63,4.41,4.6,4.4,4.41,56387619,255622340.0
24,25,03311,中国建筑国际,9.2,0.32,3.6,8.94,9.26,8.75,8.88,5897385,53574948.0
25,26,02367,巨子生物,47.6,1.6,3.48,46.7,48.55,46.0,46.0,822000,38982650.0
26,27,02400,心动公司,28.75,0.95,3.42,27.85,28.85,27.7,27.8,3366400,95501405.0
27,28,01787,山东黄金,15.78,0.52,3.41,15.56,16.02,15.4,15.26,4707222,74308965.0
28,29,09969,诺诚健华-B,8.5,0.28,3.41,8.34,8.53,8.04,8.22,4540700,37529523.0
29,30,06198,青岛港,4.27,0.14,3.39,4.14,4.28,4.12,4.13,2093000,8854717.0
30,31,06127,昭衍新药,30.55,0.95,3.21,29.6,30.55,28.9,29.6,750832,22197565.0
31,32,06855,亚盛医药-B,22.8,0.7,3.17,22.5,23.0,21.5,22.1,1854900,41141970.0
32,33,09668,渤海银行,1.36,0.04,3.03,1.32,1.38,1.31,1.32,3447093,4681231.0
33,34,01112,H&H国际控股,12.92,0.38,3.03,12.54,12.98,12.54,12.54,634000,8079013.0
34,35,00883,中国海洋石油,12.3,0.36,3.02,12.14,12.32,12.06,11.94,117897421,1440576032.0
35,36,06639,瑞尔集团,14.56,0.42,2.97,13.98,14.86,13.84,14.14,1659000,23839460.0
36,37,03668,兖煤澳大利亚,31.9,0.9,2.9,31.65,32.1,31.3,31.0,2746000,87389394.0
37,38,09995,荣昌生物-B,42.8,1.2,2.88,41.6,43.1,39.2,41.6,4261668,173969200.0
38,39,00220,统一企业中国,7.99,0.22,2.83,7.82,8.01,7.68,7.77,4375526,34453976.0
39,40,03969,中国通号,2.98,0.08,2.76,2.89,2.99,2.89,2.9,3521000,10426793.0
40,41,02068,中铝国际,1.87,0.05,2.75,1.83,1.94,1.8,1.82,6232000,11702540.0
41,42,00762,中国联通,5.92,0.15,2.6,5.82,6.03,5.77,5.77,70121768,416913440.0
42,43,02407,高视医疗,49.35,1.25,2.6,47.35,50.95,46.75,48.1,89100,4249295.0
43,44,06929,业聚医疗,12.28,0.3,2.5,11.96,12.46,11.66,11.98,490000,5900520.0
44,45,00697,首程控股,2.07,0.05,2.48,2.03,2.08,2.0,2.02,9394240,19258191.0
45,46,09996,沛嘉医疗-B,9.97,0.24,2.47,9.72,9.97,9.49,9.73,1173000,11366023.0
46,47,02196,复星医药,23.0,0.55,2.45,22.4,23.15,22.3,22.45,4274375,97198303.0
47,48,01530,三生制药,7.96,0.19,2.45,7.77,7.97,7.68,7.77,3537095,27830079.0
48,49,02171,科济药业-B,12.68,0.3,2.42,12.34,12.76,11.98,12.38,1441000,17701376.0
49,50,02888,渣打集团,61.4,1.4,2.33,60.35,61.45,60.15,60.0,558653,33946946.0
50,51,01477,欧康维视生物-B,9.34,0.21,2.3,9.2,9.4,8.95,9.13,627500,5770685.0
51,52,01458,周黑鸭,3.72,0.08,2.2,3.7,3.82,3.58,3.64,15533500,57078040.0
52,53,00604,深圳控股,1.42,0.03,2.16,1.39,1.42,1.38,1.39,6729548,9453351.0
53,54,01302,先健科技,2.87,0.06,2.14,2.76,2.88,2.76,2.81,6190000,17509600.0
54,55,09985,卫龙,10.54,0.22,2.13,10.32,10.92,10.02,10.32,458000,4791244.0
55,56,06699,时代天使,115.0,2.4,2.13,113.1,115.0,110.4,112.6,249000,27988540.0
56,57,03320,华润医药,6.24,0.13,2.13,6.14,6.29,6.05,6.11,12588090,77947639.0
57,58,00788,中国铁塔,0.96,0.02,2.13,0.95,0.97,0.94,0.94,131000074,125637932.0
58,59,00467,联合能源集团,0.96,0.02,2.13,0.96,0.97,0.9,0.94,20877484,19765641.0
59,60,00857,中国石油股份,4.82,0.1,2.12,4.75,4.83,4.7,4.72,131210703,628275296.0
60,61,00941,中国移动,65.65,1.35,2.1,64.6,66.05,64.2,64.3,32267287,2115481104.0
61,62,06088,FIT HON TENG,1.95,0.04,2.09,1.97,2.11,1.9,1.91,20699020,40903488.0
62,63,01288,农业银行,2.96,0.06,2.07,2.9,2.96,2.9,2.9,146079683,428908128.0
63,64,02378,保诚,110.2,2.2,2.04,108.8,110.3,108.8,108.0,251100,27540220.0
64,65,00512,远大医药,4.57,0.09,2.01,4.58,4.59,4.42,4.48,2394500,10800185.0
65,66,02616,基石药业-B,3.58,0.07,1.99,3.51,3.59,3.37,3.51,3930500,13572275.0
66,67,01415,高伟电子,18.54,0.36,1.98,18.32,18.96,17.86,18.18,3522000,65480840.0
67,68,00317,中船防务,9.33,0.18,1.97,9.06,9.45,9.06,9.15,953000,8879280.0
68,69,00386,中国石油化工股份,4.71,0.09,1.95,4.61,4.74,4.6,4.62,136230449,638880224.0
69,70,00291,华润啤酒,64.45,1.2,1.9,63.7,65.0,63.55,63.25,9245280,594563008.0
70,71,09997,康基医疗,9.73,0.18,1.88,9.6,9.75,9.33,9.55,1503500,14265777.0
71,72,00874,白云山,24.65,0.45,1.86,24.2,24.75,24.0,24.2,822000,20140900.0
72,73,09886,叮当健康,3.35,0.06,1.82,3.26,3.51,3.12,3.29,12296500,40955962.0
73,74,02005,石四药集团,4.71,0.08,1.73,4.65,4.75,4.53,4.63,2211564,10267431.0
74,75,03369,秦港股份,1.18,0.02,1.72,1.17,1.19,1.17,1.16,4466000,5269334.0
75,76,00570,中国中药,4.18,0.07,1.7,4.08,4.18,4.05,4.11,19011002,78141086.0
76,77,03709,赢家时尚,10.8,0.18,1.69,10.6,10.88,10.46,10.62,1276122,13695832.0
77,78,00135,昆仑能源,6.13,0.1,1.66,6.03,6.21,5.97,6.03,36270524,220595648.0
78,79,02252,微创机器人-B,27.7,0.45,1.65,27.3,27.75,26.5,27.25,1332000,35991100.0
79,80,01951,锦欣生殖,5.58,0.09,1.64,5.48,5.6,5.29,5.49,31332854,170045838.0
80,81,01789,爱康医疗,9.36,0.15,1.63,9.21,9.48,8.94,9.21,3040000,27996818.0
81,82,00302,中手游,2.5,0.04,1.63,2.46,2.56,2.45,2.46,31588000,79442280.0
82,83,01033,中石化油服,0.63,0.01,1.61,0.62,0.64,0.62,0.62,13190000,8312399.0
83,84,02257,圣诺医药-B,57.05,0.9,1.6,55.95,57.1,54.75,56.15,137200,7699025.0
84,85,00853,微创医疗,18.06,0.28,1.57,17.78,18.1,16.92,17.78,9379895,163856795.0
85,86,01883,中信国际电讯,3.24,0.05,1.57,3.18,3.26,3.18,3.19,4333456,13974018.0
86,87,01244,3D MEDICINES-B,68.55,1.05,1.56,65.0,69.4,64.0,67.5,503000,33542225.0
87,88,00087,太古股份公司B,9.8,0.15,1.55,9.65,9.89,9.63,9.65,945709,9268789.0
88,89,01234,中国利郎,3.94,0.06,1.55,3.89,4.05,3.87,3.88,262000,1035870.0
89,90,00014,希慎兴业,23.3,0.35,1.53,23.0,23.45,22.85,22.95,1097677,25442446.0
90,91,00753,中国国航,7.37,0.11,1.52,7.23,7.4,7.2,7.26,8800534,64568346.0
91,92,01877,君实生物,28.05,0.4,1.45,27.8,28.2,26.6,27.65,1237200,33627750.0
92,93,01088,中国神华,24.75,0.35,1.43,24.4,24.9,24.35,24.4,14703902,363790560.0
93,94,00548,深圳高速公路股份,7.08,0.1,1.43,7.0,7.09,6.94,6.98,1396278,9792763.0
94,95,01610,中粮家佳康,2.18,0.03,1.4,2.17,2.22,2.12,2.15,31009146,67593817.0
95,96,00316,东方海外国际,149.2,2.0,1.36,147.3,150.7,147.0,147.2,369256,55215474.0
96,97,00525,广深铁路股份,1.51,0.02,1.34,1.49,1.53,1.49,1.49,11022000,16673310.0
97,98,00001,长和,49.65,0.65,1.33,49.3,49.8,48.8,49.0,3375576,167283112.0
98,99,01308,海丰国际,16.88,0.22,1.32,16.64,16.98,16.32,16.66,5037819,84568995.0
99,100,00288,万洲国际,4.73,0.06,1.28,4.7,4.74,4.67,4.67,11121462,52368415.0
100,101,01176,珠光控股,0.79,0.01,1.28,0.77,0.79,0.77,0.78,970000,754660.0
101,102,00973,L'OCCITANE,19.0,0.24,1.28,19.02,19.04,18.7,18.76,669736,12637245.0
102,103,01171,兖矿能源,27.95,0.35,1.27,27.6,28.3,27.5,27.6,12574016,351388096.0
103,104,00027,银河娱乐,56.25,0.7,1.26,55.8,56.3,55.1,55.55,6994301,390573712.0
104,105,00460,四环医药,0.81,0.01,1.25,0.8,0.83,0.78,0.8,22489000,18105667.0
105,106,00308,香港中旅,1.66,0.02,1.22,1.64,1.66,1.64,1.64,4046000,6683680.0
106,107,06886,华泰证券,9.32,0.11,1.19,9.17,9.49,9.17,9.21,7720972,72234469.0
107,108,00019,太古股份公司A,60.55,0.7,1.17,60.15,61.2,60.05,59.85,1214236,73440505.0
108,109,00293,国泰航空,7.82,0.09,1.16,7.73,7.91,7.73,7.73,7767509,61017501.0
109,110,00590,六福集团,26.4,0.3,1.15,25.45,26.55,25.45,26.1,407036,10647807.0
110,111,01585,雅迪控股,19.38,0.22,1.15,19.4,19.58,18.4,19.16,6481516,123660175.0
111,112,02611,国泰君安,9.75,0.11,1.14,9.63,9.82,9.62,9.64,1716200,16665922.0
112,113,02799,中国华融,0.445,0.005,1.14,0.44,0.445,0.435,0.44,14123000,6225600.0
113,114,01330,绿色动力环保,2.68,0.03,1.13,2.65,2.7,2.64,2.65,821000,2191100.0
114,115,03738,阜博集团,3.62,0.04,1.12,3.59,3.65,3.43,3.58,18527000,65762380.0
115,116,00763,中兴通讯,23.4,0.25,1.08,23.4,24.15,22.7,23.15,13978586,328280448.0
116,117,02607,上海医药,15.06,0.16,1.07,14.98,15.12,14.72,14.9,4439388,66632754.0
117,118,00934,中石化冠德,2.89,0.03,1.05,2.89,2.89,2.85,2.86,542000,1557564.0
118,119,01876,百威亚太,24.4,0.25,1.04,24.35,24.85,24.25,24.15,8302285,202909096.0
119,120,02727,上海电气,1.99,0.02,1.02,1.97,2.02,1.96,1.97,6256000,12440880.0
120,121,01398,工商银行,4.15,0.04,0.97,4.13,4.19,4.11,4.11,223268023,927476976.0
121,122,00777,网龙,14.64,0.14,0.97,14.46,14.8,14.18,14.5,2790500,40789100.0
122,123,00670,中国东方航空股份,3.19,0.03,0.95,3.17,3.24,3.17,3.16,5700500,18260415.0
123,124,00322,康师傅控股,12.9,0.12,0.94,12.9,13.06,12.78,12.78,5247348,67889945.0
124,125,02588,中银航空租赁,61.45,0.55,0.9,60.0,61.65,60.0,60.9,310670,19039499.0
125,126,01208,五矿资源,2.28,0.02,0.88,2.28,2.3,2.23,2.26,8491734,19267978.0
126,127,06616,环球新材国际,4.58,0.04,0.88,4.57,4.6,4.49,4.54,1428000,6487840.0
127,128,00165,中国光大控股,5.74,0.05,0.88,5.74,5.77,5.64,5.69,1280000,7300840.0
128,129,01375,中州证券,1.17,0.01,0.86,1.16,1.18,1.15,1.16,859000,999930.0
129,130,06069,盛业,5.9,0.05,0.85,5.9,5.94,5.77,5.85,1813000,10570615.0
130,131,01658,邮储银行,4.74,0.04,0.85,4.72,4.78,4.68,4.7,49783984,235556170.0
131,132,06078,海吉亚医疗,59.35,0.5,0.85,58.85,59.9,57.0,58.85,1816474,105949614.0
132,133,06818,中国光大银行,2.38,0.02,0.85,2.36,2.39,2.35,2.36,13416797,31836311.0
133,134,01635,大众公用,1.21,0.01,0.83,1.19,1.21,1.19,1.2,41000,49340.0
134,135,00005,汇丰控股,54.65,0.45,0.83,54.2,54.8,53.8,54.2,10109231,550615296.0
135,136,01378,中国宏桥,7.3,0.06,0.83,7.24,7.35,7.12,7.24,16451077,118940179.0
136,137,01044,恒安国际,36.55,0.3,0.83,35.95,36.65,35.9,36.25,1154331,42066948.0
137,138,02899,紫金矿业,12.84,0.1,0.78,12.7,12.98,12.64,12.74,23230869,298062080.0
138,139,00327,百富环球,6.61,0.05,0.76,6.6,6.64,6.46,6.56,3854173,25358682.0
139,140,06100,同道猎聘,10.58,0.08,0.76,10.5,10.78,10.08,10.5,2959800,30883928.0
140,141,00998,中信银行,4.0,0.03,0.76,3.96,4.02,3.95,3.97,31204051,124446255.0
141,142,02357,中航科工,4.16,0.03,0.73,4.13,4.18,4.08,4.13,9209940,38112613.0
142,143,03933,联邦制药,5.6,0.04,0.72,5.56,5.61,5.47,5.56,2870000,15936228.0
143,144,01513,丽珠医药,28.15,0.2,0.72,28.0,28.15,27.45,27.95,511748,14289403.0
144,145,00992,联想集团,8.54,0.06,0.71,8.49,8.64,8.45,8.48,51855703,442913296.0
145,146,02601,中国太保,21.55,0.15,0.7,21.35,21.7,21.1,21.4,16483424,352156432.0
146,147,02172,微创脑科学,14.4,0.1,0.7,14.3,14.48,13.92,14.3,365000,5196420.0
147,148,01675,亚信科技,14.7,0.1,0.68,14.76,15.0,14.58,14.6,1214400,17958741.0
148,149,09979,绿城管理控股,7.41,0.05,0.68,7.38,7.49,7.27,7.36,3394764,25226050.0
149,150,01898,中煤能源,6.0,0.04,0.67,6.01,6.06,5.95,5.96,11875125,71409546.0
150,151,01755,新城悦服务,6.03,0.04,0.67,5.94,6.03,5.77,5.99,2307000,13649400.0
151,152,03988,中国银行,3.03,0.02,0.66,3.03,3.04,3.01,3.01,205287968,622295424.0
152,153,00066,港铁公司,38.35,0.25,0.66,38.0,38.7,38.0,38.1,2118867,81415311.0
153,154,09878,汇通达网络,31.1,0.2,0.65,30.6,31.25,29.9,30.9,336400,10255625.0
154,155,00187,京城机电股份,3.21,0.02,0.63,3.16,3.27,3.14,3.19,1064000,3430400.0
155,156,01099,国药控股,24.2,0.15,0.62,23.7,24.4,23.4,24.05,5672269,136940453.0
156,157,02319,蒙牛乳业,32.55,0.2,0.62,32.55,32.7,31.85,32.35,9933971,321428304.0
157,158,00002,中电控股,57.05,0.35,0.62,56.9,57.2,56.55,56.7,1576527,89838284.0
158,159,02388,中银香港,24.7,0.15,0.61,24.65,24.9,24.55,24.55,11867572,293271296.0
159,160,03328,交通银行,4.95,0.03,0.61,4.94,4.98,4.92,4.92,13135105,65061533.0
160,161,00168,青岛啤酒股份,84.8,0.5,0.59,86.25,86.25,83.45,84.3,2554474,215387826.0
161,162,00956,新天绿色能源,3.42,0.02,0.59,3.4,3.43,3.36,3.4,5481000,18606746.0
162,163,00016,新鸿基地产,109.1,0.6,0.55,110.3,110.4,108.5,108.5,3633501,397713328.0
163,164,01157,中联重科,4.27,0.02,0.47,4.29,4.3,4.21,4.25,4018800,17158091.0
164,165,00546,阜丰集团,4.29,0.02,0.47,4.27,4.34,4.23,4.27,9941639,42536716.0
165,166,02160,心通医疗-B,2.27,0.01,0.44,2.26,2.27,2.15,2.26,7939000,17495340.0
166,167,01821,ESR,13.94,0.06,0.43,13.76,14.08,13.7,13.88,2115922,29324966.0
167,168,00598,中国外运,2.4,0.01,0.42,2.4,2.44,2.38,2.39,8249000,19897677.0
168,169,01972,太古地产,19.88,0.08,0.4,19.84,19.98,19.7,19.8,996008,19781572.0
169,170,01357,美图公司,2.57,0.01,0.39,2.58,2.7,2.5,2.56,86536358,224394056.0
170,171,02500,启明医疗-B,10.58,0.04,0.38,10.48,10.64,10.0,10.54,2407548,24709519.0
171,172,02016,浙商银行,2.69,0.01,0.37,2.67,2.69,2.66,2.68,386000,1034230.0
172,173,03618,重庆农村商业银行,2.86,0.01,0.35,2.86,2.86,2.83,2.85,7848600,22357156.0
173,174,01776,广发证券,11.54,0.04,0.35,11.46,11.56,11.44,11.5,2176625,25040622.0
174,175,00811,新华文轩,6.24,0.02,0.32,6.27,6.3,6.21,6.22,990000,6188300.0
175,176,00819,天能动力,9.45,0.03,0.32,9.44,9.53,9.14,9.42,4613998,43142651.0
176,177,02314,理文造纸,3.24,0.01,0.31,3.2,3.25,3.13,3.23,5693000,18220405.0
177,178,00921,海信家电,13.64,0.04,0.29,13.64,13.8,13.36,13.6,1352497,18408821.0
178,179,00861,神州控股,3.62,0.01,0.28,3.61,3.63,3.56,3.61,1741352,6276639.0
179,180,06099,招商证券,7.69,0.02,0.26,7.6,7.74,7.6,7.67,1252400,9589922.0
180,181,02600,中国铝业,3.94,0.01,0.25,3.96,3.97,3.89,3.93,23091321,90795976.0
181,182,06881,中国银河,4.07,0.01,0.25,4.03,4.08,4.02,4.06,9039838,36701822.0
182,183,02096,先声药业,8.19,0.02,0.24,8.11,8.23,7.76,8.17,10913600,86797736.0
183,184,06160,百济神州,130.5,0.3,0.23,130.0,131.1,124.9,130.2,1174843,150606082.0
184,185,00179,德昌电机控股,8.82,0.02,0.23,8.85,8.85,8.74,8.8,359000,3150617.0
185,186,00856,伟仕佳杰,4.51,0.01,0.22,4.5,4.54,4.47,4.5,1932000,8690760.0
186,187,03993,洛阳钼业,4.65,0.01,0.22,4.63,4.68,4.61,4.64,14210186,65842068.0
187,188,00303,VTECH HOLDINGS,47.3,0.1,0.21,47.15,47.45,46.75,47.2,168570,7940610.0
188,189,02669,中海物业,9.52,0.02,0.21,9.31,9.59,9.23,9.5,4660696,43786194.0
189,190,02666,环球医疗,4.77,0.01,0.21,4.73,4.79,4.71,4.76,3480700,16543090.0
190,191,06955,博安生物-B,19.34,0.04,0.21,20.2,20.2,19.1,19.3,118427,2308937.0
191,192,03331,维达国际,19.8,0.04,0.2,19.58,20.0,19.54,19.76,1608452,31840514.0
192,193,00939,建设银行,5.1,0.01,0.2,5.09,5.13,5.06,5.09,283243200,1445632816.0
193,194,02688,新奥能源,102.7,0.2,0.2,103.3,103.8,101.2,102.5,2452363,250965581.0
194,195,01908,建发国际集团,25.8,0.05,0.19,25.75,26.1,25.6,25.75,2251488,58321465.0
195,196,00012,恒基地产,27.1,0.05,0.18,26.85,27.25,26.85,27.05,1600732,43449446.0
196,197,03633,中裕能源,5.44,0.01,0.18,5.47,5.47,5.32,5.43,1295000,7014690.0
197,198,06178,光大证券,5.53,0.01,0.18,5.48,5.54,5.43,5.52,1565200,8605556.0
198,199,00144,招商局港口,11.2,0.02,0.18,11.16,11.22,11.08,11.18,4968600,55454470.0
199,200,01928,金沙中国有限公司,29.25,0.05,0.17,29.55,29.55,28.8,29.2,12421195,362852816.0
200,201,09990,祖龙娱乐,5.91,0.01,0.17,5.93,6.18,5.76,5.9,9249443,55565778.0
201,202,02628,中国人寿,12.96,0.02,0.15,12.9,13.04,12.88,12.94,17029692,220769869.0
202,203,01475,日清食品,6.78,0.01,0.15,6.76,6.78,6.71,6.77,416000,2812350.0
203,204,00314,思派健康,36.9,0.05,0.14,36.85,37.8,35.5,36.85,546000,18282920.0
204,205,00696,中国民航信息网络,15.06,0.02,0.13,15.3,15.3,14.62,15.04,6247901,93338527.0
205,206,09877,健世科技-B,37.9,0.05,0.13,36.8,37.9,36.0,37.85,79400,2909080.0
206,207,02359,药明康德,81.6,0.1,0.12,81.0,82.2,78.55,81.5,2200575,176838818.0
207,208,01919,中远海控,8.52,0.01,0.12,8.54,8.64,8.46,8.51,20003277,171508559.0
208,209,09688,再鼎医药,26.6,0.0,0.0,27.0,27.0,25.75,26.6,1881994,49626239.0
209,210,06808,高鑫零售,3.02,0.0,0.0,2.98,3.03,2.86,3.02,10941500,32242955.0
210,211,06186,中国飞鹤,5.85,0.0,0.0,5.81,5.87,5.75,5.85,10540009,61240819.0
211,212,06169,宇华教育,1.34,0.0,0.0,1.34,1.34,1.29,1.34,14108000,18429400.0
212,213,03958,东方证券,4.49,0.0,0.0,4.52,4.53,4.38,4.49,3304000,14752665.0
213,214,03323,中国建材,6.5,0.0,0.0,6.55,6.55,6.38,6.5,19607198,126366478.0
214,215,02880,辽港股份,0.7,0.0,0.0,0.7,0.71,0.69,0.7,4438000,3101720.0
215,216,02866,中远海发,1.03,0.0,0.0,1.04,1.04,1.01,1.03,19582750,20103602.0
216,217,02768,佳源国际控股,0.0,0.0,0.0,0.0,0.0,0.0,0.173,0,0.0
217,218,02362,金川国际,0.57,0.0,0.0,0.57,0.57,0.55,0.57,17619713,9923624.0
218,219,02233,西部水泥,0.94,0.0,0.0,0.95,0.96,0.93,0.94,10602000,10010540.0
219,220,01995,旭辉永升服务,0.0,0.0,0.0,0.0,0.0,0.0,3.05,0,0.0
220,221,01988,民生银行,2.69,0.0,0.0,2.68,2.7,2.67,2.69,15972198,42804315.0
221,222,01963,重庆银行,4.27,0.0,0.0,4.27,4.3,4.26,4.27,500500,2137330.0
222,223,01911,华兴资本控股,0.0,0.0,0.0,0.0,0.0,0.0,7.27,0,0.0
223,224,01860,汇量科技,4.25,0.0,0.0,4.38,4.38,4.2,4.25,715000,3029800.0
224,225,01816,中广核电力,1.9,0.0,0.0,1.9,1.92,1.89,1.9,20428660,39004191.0
225,226,01799,新特能源,20.15,0.0,0.0,20.2,20.2,19.72,20.15,4530000,90319893.0
226,227,01668,华南城,0.52,0.0,0.0,0.52,0.53,0.51,0.52,2934000,1511800.0
227,228,01622,力高集团,0.0,0.0,0.0,0.0,0.0,0.0,1.33,0,0.0
228,229,01579,颐海国际,23.5,0.0,0.0,24.1,24.1,22.7,23.5,4476335,104638126.0
229,230,01456,国联证券,3.96,0.0,0.0,4.03,4.03,3.9,3.96,309500,1227075.0
230,231,01349,复旦张江,3.17,0.0,0.0,3.19,3.2,3.16,3.17,162000,514200.0
231,232,01310,香港宽频,5.77,0.0,0.0,5.78,5.78,5.68,5.77,1996498,11435396.0
232,233,01196,伟禄集团,5.44,0.0,0.0,5.43,5.79,5.28,5.44,1548000,8393580.0
233,234,01117,现代牧业,1.02,0.0,0.0,1.01,1.02,0.99,1.02,3744790,3749567.0
234,235,01053,重庆钢铁股份,0.81,0.0,0.0,0.8,0.81,0.79,0.81,958000,764720.0
235,236,00895,东江环保,2.46,0.0,0.0,2.44,2.46,2.42,2.46,122800,298468.0
236,237,00884,旭辉控股集团,0.0,0.0,0.0,0.0,0.0,0.0,0.76,0,0.0
237,238,00665,海通国际,0.66,0.0,0.0,0.66,0.67,0.65,0.66,11130372,7335066.0
238,239,00588,北京北辰实业股份,0.88,0.0,0.0,0.88,0.88,0.86,0.88,498000,433820.0
239,240,00552,中国通信服务,3.89,0.0,0.0,3.86,3.92,3.81,3.89,7667231,29681250.0
240,241,00520,呷哺呷哺,6.79,0.0,0.0,6.98,6.98,6.59,6.79,13165500,88515105.0
241,242,00493,国美零售,0.0,0.0,0.0,0.0,0.0,0.0,0.105,0,0.0
242,243,00363,上海实业控股,10.72,0.0,0.0,10.72,10.76,10.66,10.72,574495,6157734.0
243,244,00297,中化化肥,0.97,0.0,0.0,0.98,0.98,0.96,0.97,4776000,4637040.0
244,245,00119,保利置业集团,1.81,0.0,0.0,1.81,1.81,1.77,1.81,4984000,8947605.0
245,246,00101,恒隆地产,14.66,0.0,0.0,14.94,14.94,14.6,14.66,2928242,43118816.0
246,247,00081,中国海外宏洋集团,3.54,0.0,0.0,3.44,3.58,3.38,3.54,6092000,21547430.0
247,248,00017,新世界发展,21.15,0.0,0.0,21.0,21.3,21.0,21.15,1541061,32596672.0
248,249,00011,恒生银行,112.1,0.0,0.0,112.2,112.8,111.3,112.1,1829191,205107544.0
249,250,00003,香港中华煤气,6.85,0.0,0.0,6.83,6.88,6.8,6.85,9563724,65513232.0
250,251,01997,九龙仓置业,46.05,-0.04,-0.09,46.1,46.5,45.45,46.09,3320538,152970545.0
251,252,01113,长实集团,47.8,-0.05,-0.1,48.05,48.4,47.65,47.85,3586335,172016030.0
252,253,00267,中信股份,9.12,-0.01,-0.11,9.18,9.22,9.1,9.13,8269865,75724908.0
253,254,01299,友邦保险,83.5,-0.1,-0.12,85.0,85.0,83.35,83.6,19412918,1629293216.0
254,255,02883,中海油田服务,8.23,-0.01,-0.12,8.42,8.42,8.2,8.24,3807854,31407156.0
255,256,00659,新创建集团,6.96,-0.01,-0.14,6.97,6.99,6.9,6.97,256712,1787288.0
256,257,00358,江西铜业股份,13.28,-0.02,-0.15,13.3,13.42,13.16,13.3,5122295,68163253.0
257,258,02689,玖龙纸业,6.02,-0.01,-0.17,6.01,6.04,5.81,6.03,13002622,76966860.0
258,259,00694,北京首都机场股份,5.92,-0.01,-0.17,5.95,5.97,5.82,5.93,9448265,55818106.0
259,260,00392,北京控股,28.65,-0.05,-0.17,28.9,29.1,28.5,28.7,1938827,55784553.0
260,261,02291,心泰医疗,27.5,-0.05,-0.18,27.4,28.3,27.0,27.55,86000,2371950.0
261,262,00083,信和置业,10.72,-0.02,-0.19,10.58,10.9,10.58,10.74,5838439,62745472.0
262,263,00151,中国旺旺,5.06,-0.01,-0.2,5.11,5.11,5.05,5.07,4349708,22043927.0
263,264,06030,中信证券,17.18,-0.04,-0.23,17.22,17.32,17.0,17.22,5655392,96984833.0
264,265,01038,长江基建集团,42.6,-0.1,-0.23,42.4,43.0,42.4,42.7,637834,27212479.0
265,266,01052,越秀交通基建,4.22,-0.01,-0.24,4.21,4.25,4.17,4.23,962000,4058460.0
266,267,00006,电能实业,42.1,-0.1,-0.24,42.0,42.45,42.0,42.2,1474411,62232798.0
267,268,00564,郑煤机,8.25,-0.02,-0.24,8.15,8.31,8.03,8.27,1080400,8808691.0
268,269,00038,第一拖拉机股份,4.02,-0.01,-0.25,4.02,4.05,4.0,4.03,1622000,6543416.0
269,270,00902,华能国际电力股份,4.0,-0.01,-0.25,4.01,4.02,3.95,4.01,20672484,82395797.0
270,271,00177,江苏宁沪高速公路,7.38,-0.02,-0.27,7.43,7.43,7.29,7.4,2407765,17733602.0
271,272,00743,亚洲水泥(中国),3.44,-0.01,-0.29,3.48,3.49,3.42,3.45,546494,1891844.0
272,273,06698,星空华文,99.7,-0.3,-0.3,102.0,102.0,97.0,100.0,321200,31794440.0
273,274,01839,中集车辆,6.28,-0.02,-0.32,6.32,6.33,6.11,6.3,256500,1601445.0
274,275,01071,华电国际电力股份,3.06,-0.01,-0.33,3.07,3.09,3.02,3.07,10640782,32458271.0
275,276,02356,大新银行集团,6.11,-0.02,-0.33,6.11,6.12,6.06,6.13,240000,1463502.0
276,277,02343,太平洋航运,3.03,-0.01,-0.33,3.04,3.09,3.01,3.04,23862308,72802630.0
277,278,09633,农夫山泉,44.6,-0.15,-0.34,44.75,44.9,44.3,44.75,2247171,100222246.0
278,279,06655,华新水泥,8.62,-0.03,-0.35,8.73,8.73,8.6,8.65,204900,1769529.0
279,280,00354,中国软件国际,5.3,-0.02,-0.38,5.25,5.35,5.12,5.32,38837402,203382173.0
280,281,06060,众安在线,25.1,-0.1,-0.4,25.5,25.5,24.4,25.2,2822673,69947100.0
281,282,09987,百胜中国,494.2,-2.0,-0.4,500.0,500.0,491.6,496.2,179317,88723177.0
282,283,01812,晨鸣纸业,2.46,-0.01,-0.4,2.47,2.47,2.41,2.47,1682500,4096280.0
283,284,01336,新华保险,19.02,-0.08,-0.42,19.22,19.24,18.94,19.1,2525164,48037265.0
284,285,03898,时代电气,33.85,-0.15,-0.44,34.0,34.0,32.7,34.0,3372286,113062233.0
285,286,06185,康希诺生物,41.25,-0.2,-0.48,41.7,41.7,39.4,41.45,1766620,70963493.0
286,287,00836,华润电力,16.26,-0.08,-0.49,16.3,16.34,16.12,16.34,7465216,121029078.0
287,288,00440,大新金融,20.05,-0.1,-0.5,20.05,20.15,19.98,20.15,94692,1899565.0
288,289,00123,越秀地产,11.98,-0.06,-0.5,12.04,12.06,11.82,12.04,2416796,28867491.0
289,290,00008,电讯盈科,3.98,-0.02,-0.5,3.98,3.99,3.96,4.0,4425759,17594692.0
290,291,02328,中国财险,7.9,-0.04,-0.5,7.91,7.97,7.86,7.94,21768846,172037688.0
291,292,00023,东亚银行,9.78,-0.05,-0.51,9.78,9.81,9.75,9.83,364943,3569844.0
292,293,01055,中国南方航空股份,5.81,-0.03,-0.51,5.81,5.94,5.75,5.84,4946311,28793006.0
293,294,01313,华润水泥控股,3.84,-0.02,-0.52,3.86,3.86,3.76,3.86,5691047,21682997.0
294,295,00551,裕元集团,10.7,-0.06,-0.56,10.86,10.92,10.66,10.76,426000,4573830.0
295,296,00004,九龙仓集团,17.82,-0.1,-0.56,17.84,17.96,17.5,17.92,1222570,21731104.0
296,297,02869,绿城服务,5.07,-0.03,-0.59,5.1,5.1,4.97,5.1,4175343,20953623.0
297,298,06055,中烟香港,10.08,-0.06,-0.59,10.04,10.12,9.92,10.14,672000,6728070.0
298,299,01083,港华智慧能源,3.36,-0.02,-0.59,3.36,3.41,3.3,3.38,2314000,7732272.0
299,300,06837,海通证券,5.02,-0.03,-0.59,5.05,5.05,4.99,5.05,6424602,32194084.0
300,301,02208,金风科技,6.68,-0.04,-0.6,6.75,6.77,6.58,6.72,5376333,35761188.0
301,302,03799,达利食品,3.24,-0.02,-0.61,3.26,3.26,3.19,3.26,2007330,6485803.0
302,303,01065,天津创业环保股份,3.16,-0.02,-0.63,3.14,3.18,3.11,3.18,60000,188900.0
303,304,00719,山东新华制药股份,6.09,-0.04,-0.65,6.13,6.19,5.99,6.13,2928000,17754996.0
304,305,06806,申万宏源,1.49,-0.01,-0.67,1.49,1.5,1.48,1.5,2170400,3236200.0
305,306,03396,联想控股,8.75,-0.06,-0.68,8.81,8.81,8.6,8.81,1236358,10756652.0
306,307,00754,合生创展集团,7.2,-0.05,-0.69,7.25,7.28,7.11,7.25,778469,5606350.0
307,308,00656,复星国际,5.72,-0.04,-0.69,5.74,5.77,5.59,5.76,7891828,44995304.0
308,309,02018,瑞声科技,19.02,-0.14,-0.73,19.4,19.42,18.76,19.16,3377977,64137337.0
309,310,02192,医脉通,10.78,-0.08,-0.74,10.9,10.9,10.18,10.86,1579500,16673170.0
310,311,03692,翰森制药,13.46,-0.1,-0.74,13.5,13.58,12.94,13.56,4577537,60753898.0
311,312,01798,大唐新能源,2.68,-0.02,-0.74,2.7,2.71,2.65,2.7,20913710,55955426.0
312,313,00914,海螺水泥,26.8,-0.2,-0.74,27.2,27.2,26.6,27.0,5349708,143145443.0
313,314,00688,中国海外发展,20.05,-0.15,-0.74,20.3,20.4,19.7,20.2,16946552,338966288.0
314,315,06066,中信建投证券,7.86,-0.06,-0.76,7.92,7.92,7.81,7.92,4115000,32287620.0
315,316,03877,中国船舶租赁,1.31,-0.01,-0.76,1.32,1.33,1.3,1.32,2626000,3438760.0
316,317,01339,中国人民保险集团,2.61,-0.02,-0.76,2.64,2.64,2.59,2.63,22594853,58948637.0
317,318,00410,SOHO中国,1.29,-0.01,-0.77,1.29,1.3,1.28,1.3,1497500,1930810.0
318,319,02218,安德利果汁,6.35,-0.05,-0.78,6.4,6.4,6.26,6.4,94000,597125.0
319,320,06600,赛生药业,10.1,-0.08,-0.79,10.18,10.22,9.91,10.18,1489080,15001415.0
320,321,00215,和记电讯香港,1.25,-0.01,-0.79,1.26,1.26,1.25,1.26,706000,886500.0
321,322,06993,蓝月亮集团,4.95,-0.04,-0.8,4.99,4.99,4.88,4.99,941000,4649370.0
322,323,01199,中远海运港口,4.93,-0.04,-0.8,5.01,5.01,4.9,4.97,1523608,7522267.0
323,324,01910,新秀丽,24.6,-0.2,-0.81,24.9,24.9,24.5,24.8,2804651,69185680.0
324,325,00347,鞍钢股份,2.44,-0.02,-0.81,2.45,2.46,2.41,2.46,4399578,10731901.0
325,326,00700,腾讯控股,385.0,-3.2,-0.82,383.2,388.6,382.2,388.2,14254252,5484701440.0
326,327,00152,深圳国际,6.95,-0.06,-0.86,7.09,7.09,6.9,7.01,2154092,14956072.0
327,328,02402,亿华通,59.95,-0.55,-0.91,61.35,61.35,59.95,60.5,17800,1076230.0
328,329,01093,石药集团,7.61,-0.07,-0.91,7.64,7.67,7.42,7.68,58974668,445313920.0
329,330,02313,申洲国际,78.8,-0.75,-0.94,80.35,80.35,77.0,79.55,3371493,264650526.0
330,331,06196,郑州银行,1.05,-0.01,-0.94,1.05,1.05,1.04,1.06,4208120,4409986.0
331,332,00683,嘉里建设,19.86,-0.19,-0.95,20.0,20.05,19.82,20.05,530500,10550371.0
332,333,01128,永利澳门,8.34,-0.08,-0.95,8.42,8.46,8.19,8.42,16863394,139577631.0
333,334,00880,澳博控股,4.13,-0.04,-0.96,4.19,4.19,4.07,4.17,10270162,42234042.0
334,335,02282,美高梅中国,10.3,-0.1,-0.96,10.38,10.4,10.1,10.4,7081687,72775516.0
335,336,01888,建滔积层板,8.18,-0.08,-0.97,8.15,8.2,8.1,8.26,2228672,18129952.0
336,337,02009,金隅集团,1.02,-0.01,-0.97,1.03,1.03,1.02,1.03,3859000,3951917.0
337,338,02318,中国平安,50.7,-0.5,-0.98,50.95,51.2,50.25,51.2,17594436,891680384.0
338,339,00669,创科实业,85.9,-0.85,-0.98,87.65,87.65,84.3,86.75,3227990,275938096.0
339,340,01515,华润医疗,6.9,-0.07,-1.0,6.81,6.97,6.75,6.97,4527080,31056504.0
340,341,01833,平安好医生,19.7,-0.2,-1.01,19.9,20.0,19.18,19.9,5909884,115473584.0
341,342,02678,天虹国际集团,5.86,-0.06,-1.01,5.9,5.92,5.84,5.92,1074500,6305235.0
342,343,00506,中国食品,2.9,-0.03,-1.02,2.93,2.93,2.88,2.93,318000,922560.0
343,344,00272,瑞安房地产,0.95,-0.01,-1.04,0.96,0.96,0.95,0.96,5513666,5244648.0
344,345,03759,康龙化成,33.2,-0.35,-1.04,33.5,33.55,31.3,33.55,5328033,173496923.0
345,346,00107,四川成渝高速公路,1.89,-0.02,-1.05,1.89,1.91,1.89,1.91,420000,796920.0
346,347,00345,VITASOY INT'L,14.9,-0.16,-1.06,15.0,15.02,14.76,15.06,725760,10835304.0
347,348,00185,正商实业,0.92,-0.01,-1.08,0.95,0.95,0.86,0.93,742350,656077.0
348,349,00576,浙江沪杭甬,6.35,-0.07,-1.09,6.46,6.46,6.24,6.42,3495785,22148570.0
349,350,00631,三一国际,8.06,-0.09,-1.1,8.15,8.15,7.99,8.15,1713079,13764401.0
350,351,01193,华润燃气,26.6,-0.3,-1.12,26.65,26.95,26.2,26.9,2835209,75456034.0
351,352,00384,中国燃气,10.58,-0.12,-1.12,10.7,10.7,10.4,10.7,8535830,89997980.0
352,353,00960,龙湖集团,21.95,-0.25,-1.13,22.55,22.65,21.65,22.2,6504213,142339919.0
353,354,01907,中国旭阳集团,3.51,-0.04,-1.13,3.55,3.58,3.5,3.55,4825000,17113470.0
354,355,00323,马鞍山钢铁股份,1.74,-0.02,-1.14,1.77,1.77,1.73,1.76,4704118,8190369.0
355,356,00200,新濠国际发展,9.54,-0.11,-1.14,9.65,9.75,9.42,9.65,3052030,29110432.0
356,357,00650,普达特科技,0.84,-0.01,-1.18,0.85,0.85,0.81,0.85,1780502,1468066.0
357,358,01209,华润万象生活,41.8,-0.5,-1.18,42.15,42.15,41.2,42.3,2937083,122739471.0
358,359,03866,青岛银行,2.49,-0.03,-1.19,2.51,2.51,2.48,2.52,475500,1185555.0
359,360,02038,富智康集团,0.83,-0.01,-1.19,0.84,0.84,0.82,0.84,5421000,4501300.0
360,361,01114,华晨中国,3.32,-0.04,-1.19,3.36,3.4,3.27,3.36,7694000,25528160.0
361,362,00388,香港交易所,343.0,-4.2,-1.21,349.2,349.2,341.8,347.2,2469327,848902864.0
362,363,01347,华虹半导体,36.3,-0.45,-1.22,36.8,37.7,36.1,36.75,10580651,389728768.0
363,364,00142,第一太平,2.42,-0.03,-1.22,2.45,2.45,2.41,2.45,3037354,7378349.0
364,365,06869,长飞光纤光缆,16.1,-0.2,-1.23,16.5,16.5,15.98,16.3,1497090,24195730.0
365,366,01109,华润置地,36.1,-0.45,-1.23,36.55,36.55,35.8,36.55,6429514,232980328.0
366,367,06606,诺辉健康,27.25,-0.35,-1.27,27.7,27.7,24.9,27.6,6243933,163270095.0
367,368,01691,JS环球生活,7.74,-0.1,-1.28,7.99,7.99,7.35,7.84,7421000,56617428.0
368,369,00775,长江生命科技,0.77,-0.01,-1.28,0.78,0.78,0.76,0.78,3586000,2754680.0
369,370,00095,绿景中国地产,1.49,-0.02,-1.32,1.51,1.56,1.49,1.51,13522000,20541160.0
370,371,00522,ASMPT,76.95,-1.05,-1.35,78.25,78.25,76.35,78.0,663632,51316515.0
371,372,00189,东岳集团,8.02,-0.11,-1.35,8.13,8.14,7.99,8.13,8370049,67242847.0
372,373,03968,招商银行,39.45,-0.55,-1.38,40.2,40.2,39.25,40.0,18966186,749735392.0
373,374,03613,同仁堂国药,14.08,-0.2,-1.4,14.26,14.36,13.9,14.28,2031000,28595650.0
374,375,02273,固生堂,56.0,-0.8,-1.41,57.5,57.5,54.8,56.8,659000,36754618.0
375,376,02186,绿叶制药,3.5,-0.05,-1.41,3.53,3.57,3.36,3.55,47257500,162367290.0
376,377,00966,中国太平,8.33,-0.12,-1.42,8.46,8.46,8.23,8.45,2880186,23899490.0
377,378,09939,开拓药业-B,6.22,-0.09,-1.43,6.35,6.48,5.82,6.31,20178500,124382670.0
378,379,09989,海普瑞,5.4,-0.08,-1.46,5.45,5.46,5.34,5.48,731500,3923370.0
379,380,01250,山高新能源,0.067,-0.001,-1.47,0.068,0.069,0.066,0.068,49280000,3306180.0
380,381,01810,小米集团-W,11.98,-0.18,-1.48,12.18,12.18,11.74,12.16,60026517,716975904.0
381,382,01788,国泰君安国际,0.66,-0.01,-1.49,0.67,0.67,0.66,0.67,2400000,1589510.0
382,383,00855,中国水务,6.38,-0.1,-1.54,6.58,6.58,6.35,6.48,666302,4258037.0
383,384,02338,潍柴动力,12.62,-0.2,-1.56,12.78,12.82,12.56,12.82,5607545,71059167.0
384,385,03899,中集安瑞科,7.56,-0.12,-1.56,7.65,7.72,7.56,7.68,2307130,17564985.0
385,386,09993,金辉控股,4.36,-0.07,-1.58,4.35,4.45,4.31,4.43,2071000,9131610.0
386,387,02382,舜宇光学科技,92.35,-1.5,-1.6,94.35,94.35,90.0,93.85,5054149,462055280.0
387,388,01072,东方电气,12.3,-0.2,-1.6,12.68,12.7,12.12,12.5,3288000,40195756.0
388,389,00639,首钢资源,2.46,-0.04,-1.6,2.5,2.5,2.45,2.5,5120000,12640015.0
389,390,02380,中国电力,3.05,-0.05,-1.61,3.1,3.1,3.01,3.1,39085111,118726807.0
390,391,01811,中广核新能源,2.41,-0.04,-1.63,2.45,2.45,2.4,2.45,11276000,27175348.0
391,392,01258,中国有色矿业,3.6,-0.06,-1.64,3.68,3.68,3.56,3.66,3867100,13951801.0
392,393,01548,金斯瑞生物科技,16.66,-0.28,-1.65,16.8,16.96,16.0,16.94,21101306,344308704.0
393,394,01368,特步国际,9.44,-0.16,-1.67,9.45,9.57,9.26,9.6,6623997,62099125.0
394,395,09666,金科服务,11.76,-0.2,-1.67,11.86,11.88,11.7,11.96,965100,11386556.0
395,396,02269,药明生物,46.5,-0.8,-1.69,47.05,47.1,45.0,47.3,30510667,1396038624.0
396,397,01882,海天国际,20.3,-0.35,-1.69,20.7,20.9,20.05,20.65,612448,12573224.0
397,398,01108,凯盛新能,8.0,-0.14,-1.72,8.06,8.08,7.92,8.14,760000,6067408.0
398,399,01448,福寿园,6.26,-0.11,-1.73,6.4,6.4,6.18,6.37,3025271,18916205.0
399,400,09857,柠萌影视,13.5,-0.24,-1.75,13.94,13.94,13.12,13.74,212600,2865456.0
400,401,00568,山东墨龙,2.81,-0.05,-1.75,2.89,2.9,2.79,2.86,683200,1940176.0
401,402,06969,思摩尔国际,10.08,-0.18,-1.75,10.18,10.18,9.73,10.26,16107177,159690750.0
402,403,03808,中国重汽,12.08,-0.22,-1.79,12.46,12.54,12.0,12.3,4648994,56737470.0
403,404,01211,比亚迪股份,227.2,-4.2,-1.82,232.4,232.4,225.0,231.4,6254973,1421657872.0
404,405,01958,北京汽车,2.16,-0.04,-1.82,2.22,2.22,2.15,2.2,8196489,17900606.0
405,406,00270,粤海投资,7.53,-0.14,-1.83,7.65,7.66,7.46,7.67,12710956,95544256.0
406,407,03998,波司登,4.23,-0.08,-1.86,4.32,4.32,4.19,4.31,18462664,78204904.0
407,408,01060,阿里影业,0.52,-0.01,-1.89,0.52,0.52,0.51,0.53,45710000,23571540.0
408,409,00535,金地商置,0.52,-0.01,-1.89,0.53,0.54,0.52,0.53,12058000,6286080.0
409,410,02137,腾盛博药-B,4.13,-0.08,-1.9,4.24,4.24,3.98,4.21,18470000,75349985.0
410,411,00586,海螺创业,13.34,-0.26,-1.91,13.6,13.6,13.14,13.6,3046401,40532561.0
411,412,06862,海底捞,20.4,-0.4,-1.92,20.8,20.8,19.98,20.8,17065422,347063664.0
412,413,01528,红星美凯龙,3.52,-0.07,-1.95,3.58,3.58,3.5,3.59,1184686,4175485.0
413,414,01381,粤丰环保,3.47,-0.07,-1.98,3.53,3.55,3.44,3.54,829000,2882220.0
414,415,01686,新意网集团,4.45,-0.09,-1.98,4.54,4.54,4.45,4.54,411000,1836190.0
415,416,00587,海螺环保,2.45,-0.05,-2.0,2.5,2.51,2.43,2.5,3348000,8249450.0
416,417,01359,中国信达,0.97,-0.02,-2.02,0.99,0.99,0.97,0.99,23110367,22526619.0
417,418,00371,北控水务集团,1.93,-0.04,-2.03,1.98,1.98,1.92,1.97,10189992,19750164.0
418,419,00710,京东方精电,13.28,-0.28,-2.06,13.5,13.5,13.06,13.56,2088415,27968102.0
419,420,03339,中国龙工,1.42,-0.03,-2.07,1.45,1.46,1.41,1.45,2230000,3212390.0
420,421,01896,猫眼娱乐,8.48,-0.18,-2.08,8.66,8.66,8.35,8.66,1897600,15980731.0
421,422,09992,泡泡玛特,19.78,-0.42,-2.08,20.45,20.5,19.12,20.2,7911028,154253869.0
422,423,00780,同程旅行,16.82,-0.36,-2.1,17.22,17.24,16.56,17.18,3193342,53465166.0
423,424,00991,大唐发电,1.38,-0.03,-2.13,1.41,1.41,1.37,1.41,19536000,27202040.0
424,425,00581,中国东方集团,1.38,-0.03,-2.13,1.4,1.4,1.37,1.41,1322000,1824200.0
425,426,00336,华宝国际,3.67,-0.08,-2.13,3.78,3.78,3.61,3.75,2154000,7861960.0
426,427,03678,弘业期货,1.83,-0.04,-2.14,1.87,1.87,1.82,1.87,3700000,6825980.0
427,428,01177,中国生物制药,4.11,-0.09,-2.14,4.12,4.19,4.06,4.2,44946042,184801625.0
428,429,00489,东风集团股份,3.62,-0.08,-2.16,3.7,3.7,3.6,3.7,12680691,45977747.0
429,430,01385,上海复旦,29.25,-0.65,-2.17,30.35,30.45,29.0,29.9,2826080,83343538.0
430,431,09983,建业新生活,2.69,-0.06,-2.18,2.72,2.72,2.68,2.75,597000,1608100.0
431,432,06821,凯莱英,95.15,-2.15,-2.21,97.3,97.3,94.0,97.3,352000,33479962.0
432,433,02020,安踏体育,109.5,-2.5,-2.23,111.9,112.1,107.9,112.0,6487147,707792160.0
433,434,00553,南京熊猫电子股份,3.9,-0.09,-2.26,3.87,3.93,3.87,3.99,156000,607400.0
434,435,06690,海尔智家,23.65,-0.55,-2.27,23.9,24.2,23.2,24.2,21976176,519456576.0
435,436,01516,融创服务,3.39,-0.08,-2.31,3.44,3.46,3.33,3.47,16666803,56398023.0
436,437,01361,361度,3.77,-0.09,-2.33,3.8,3.84,3.76,3.86,521000,1979740.0
437,438,03380,龙光集团,0.83,-0.02,-2.35,0.87,0.87,0.82,0.85,12483000,10439020.0
438,439,00990,荣晖国际,0.83,-0.02,-2.35,0.84,0.84,0.82,0.85,11140000,9250500.0
439,440,02618,京东物流,13.2,-0.32,-2.37,13.68,13.68,13.02,13.52,9282143,122503867.0
440,441,01999,敏华控股,6.56,-0.16,-2.38,6.74,6.74,6.27,6.72,12394066,79477006.0
441,442,02039,中集集团,5.27,-0.13,-2.41,5.4,5.4,5.24,5.4,556080,2935049.0
442,443,02202,万科企业,12.12,-0.3,-2.42,12.42,12.44,12.04,12.42,19531217,237679917.0
443,444,02197,三叶草生物-B,1.61,-0.04,-2.42,1.66,1.66,1.52,1.65,14000000,21966980.0
444,445,01316,耐世特,4.83,-0.12,-2.42,4.95,4.95,4.79,4.95,1974879,9612834.0
445,446,06618,京东健康,56.05,-1.4,-2.44,57.2,57.2,54.25,57.45,7666327,425105824.0
446,447,00256,冠城钟表珠宝,1.2,-0.03,-2.44,1.19,1.27,1.18,1.23,3262000,3958960.0
447,448,01992,复星旅游文化,10.22,-0.26,-2.48,10.48,10.48,10.22,10.48,239000,2462180.0
448,449,02157,乐普生物-B,5.06,-0.13,-2.5,5.17,5.17,5.0,5.19,927000,4698850.0
449,450,01478,丘钛科技,4.24,-0.11,-2.53,4.3,4.3,4.15,4.35,724000,3046680.0
450,451,03913,合景悠活,1.15,-0.03,-2.54,1.19,1.19,1.13,1.18,7035559,8083550.0
451,452,03868,信义能源,2.3,-0.06,-2.54,2.34,2.34,2.26,2.36,11375133,26111804.0
452,453,01858,春立医疗,18.4,-0.48,-2.54,18.32,18.8,18.02,18.88,287938,5279110.0
453,454,01137,香港科技探索,4.59,-0.12,-2.55,4.75,4.79,4.54,4.71,4317000,19970240.0
454,455,01024,快手-W,56.9,-1.5,-2.57,58.35,58.35,55.5,58.4,21341711,1204987200.0
455,456,00772,阅文集团,39.8,-1.05,-2.57,40.85,40.85,38.55,40.85,5581876,220009788.0
456,457,03990,美的置业,9.37,-0.25,-2.6,9.72,9.72,9.32,9.62,561000,5258360.0
457,458,00636,嘉里物流,11.88,-0.32,-2.62,12.18,12.18,11.78,12.2,757208,9024618.0
458,459,00257,光大环境,3.34,-0.09,-2.62,3.37,3.39,3.32,3.43,11507445,38474718.0
459,460,00881,中升控股,37.1,-1.0,-2.62,38.7,38.7,36.55,38.1,3580786,132661580.0
460,461,01057,浙江世宝,1.46,-0.04,-2.67,1.49,1.49,1.45,1.5,1912000,2797860.0
461,462,06865,福莱特玻璃,21.8,-0.6,-2.68,22.4,22.45,21.35,22.4,4338647,94638759.0
462,463,06610,飞天云动,2.52,-0.07,-2.7,2.63,2.67,2.47,2.59,23525000,59867630.0
463,464,09956,安能物流,4.98,-0.14,-2.73,5.12,5.12,4.95,5.12,1211000,6050420.0
464,465,09923,移卡,23.0,-0.65,-2.75,23.65,23.75,22.3,23.65,1794886,40728138.0
465,466,01929,周大福,14.86,-0.42,-2.75,15.1,15.3,14.82,15.28,4512769,67506215.0
466,467,03669,永达汽车,5.28,-0.15,-2.76,5.29,5.4,5.18,5.43,5217065,27921232.0
467,468,01382,互太纺织,2.45,-0.07,-2.78,2.52,2.52,2.44,2.52,2173000,5379909.0
468,469,02238,广汽集团,4.89,-0.14,-2.78,5.05,5.08,4.85,5.03,19911131,97461873.0
469,470,00285,比亚迪电子,24.35,-0.7,-2.79,25.4,25.4,24.0,25.05,8092365,197394133.0
470,471,06049,保利物业,46.9,-1.35,-2.8,48.8,48.8,46.5,48.25,714633,33515207.0
471,472,02128,中国联塑,6.92,-0.2,-2.81,7.18,7.18,6.78,7.12,5629331,38632664.0
472,473,03383,雅居乐集团,1.71,-0.05,-2.84,1.76,1.76,1.69,1.76,21709058,37054610.0
473,474,02138,医思健康,6.11,-0.18,-2.86,6.29,6.29,5.86,6.29,3947000,23534300.0
474,475,09869,海伦司,12.84,-0.38,-2.87,13.22,13.22,12.64,13.22,4977500,63753005.0
475,476,00916,龙源电力,8.7,-0.26,-2.9,8.88,8.96,8.69,8.96,11326530,99069078.0
476,477,06110,滔搏,7.01,-0.21,-2.91,7.36,7.36,6.94,7.22,3196448,22429883.0
477,478,00867,康哲药业,12.0,-0.36,-2.91,12.4,12.4,11.66,12.36,4673557,55620872.0
478,479,00338,上海石油化工股份,1.33,-0.04,-2.92,1.37,1.37,1.32,1.37,27823539,37256527.0
479,480,02858,易鑫集团,0.96,-0.03,-3.03,0.98,0.99,0.95,0.99,9702000,9366844.0
480,481,01996,弘阳地产,0.32,-0.01,-3.03,0.33,0.33,0.315,0.33,2791000,896080.0
481,482,06680,金力永磁,22.3,-0.7,-3.04,22.8,22.8,22.0,23.0,239000,5307330.0
482,483,06989,卓越商企服务,2.85,-0.09,-3.06,2.94,2.94,2.84,2.94,947000,2710730.0
483,484,00658,中国高速传动,2.83,-0.09,-3.08,3.01,3.03,2.8,2.92,2067000,5876220.0
484,485,00148,建滔集团,23.55,-0.75,-3.09,24.35,24.45,23.3,24.3,1264398,29839208.0
485,486,02279,雍禾医疗,7.99,-0.26,-3.15,8.25,8.29,7.99,8.25,798000,6446610.0
486,487,00968,信义光能,9.17,-0.3,-3.17,9.5,9.5,8.99,9.47,15242815,139963058.0
487,488,00175,吉利汽车,9.74,-0.32,-3.18,10.06,10.08,9.51,10.06,57205617,554947360.0
488,489,00826,天工国际,2.42,-0.08,-3.2,2.5,2.5,2.42,2.5,1900000,4649220.0
489,490,09959,联易融科技-W,3.31,-0.11,-3.22,3.49,3.49,3.26,3.42,8804000,29397915.0
490,491,00751,创维集团,3.91,-0.13,-3.22,4.04,4.04,3.87,4.04,13208781,52273695.0
491,492,02007,碧桂园,2.1,-0.07,-3.23,2.17,2.18,2.08,2.17,112904794,238159268.0
492,493,01765,希望教育,0.6,-0.02,-3.23,0.62,0.63,0.6,0.62,39106000,23807440.0
493,494,03908,中金公司,15.44,-0.52,-3.26,15.98,16.0,15.32,15.96,7156590,110944744.0
494,495,00241,阿里健康,5.6,-0.19,-3.28,5.69,5.71,5.4,5.79,68764462,380017136.0
495,496,01070,TCL电子,3.24,-0.11,-3.28,3.38,3.38,3.23,3.35,1517000,4960060.0
496,497,00868,信义玻璃,13.5,-0.46,-3.3,13.92,13.92,13.26,13.96,8328574,112403265.0
497,498,06660,艾美疫苗,42.5,-1.45,-3.3,44.35,44.35,41.3,43.95,59200,2489570.0
498,499,03900,绿城中国,9.96,-0.34,-3.3,10.28,10.28,9.88,10.3,5860609,58365961.0
499,500,00268,金蝶国际,13.4,-0.46,-3.32,13.86,13.86,12.92,13.86,21848437,291500736.0
500,501,03360,远东宏信,6.97,-0.24,-3.33,7.1,7.18,6.94,7.21,5124670,35880032.0
501,502,01797,东方甄选,31.9,-1.1,-3.33,32.9,33.0,30.85,33.0,10395707,328965024.0
502,503,01890,中国科培,2.56,-0.09,-3.4,2.57,2.59,2.52,2.65,608000,1551140.0
503,504,02772,中梁控股,0.56,-0.02,-3.45,0.58,0.58,0.55,0.58,4444000,2476055.0
504,505,09896,名创优品,33.95,-1.25,-3.55,34.0,34.55,33.55,35.2,890000,30409630.0
505,506,02013,微盟集团,4.61,-0.17,-3.56,4.81,4.83,4.56,4.78,48806757,225530802.0
506,507,00806,惠理集团,2.44,-0.09,-3.56,2.48,2.48,2.44,2.53,661000,1622850.0
507,508,03888,金山软件,40.3,-1.5,-3.59,41.25,41.9,39.7,41.8,21574825,874714368.0
508,509,02015,理想汽车-W,93.95,-3.5,-3.59,96.4,96.4,92.1,97.45,5954068,558178800.0
509,510,03347,泰格医药,70.5,-2.65,-3.62,74.5,74.5,68.75,73.15,2432009,170749142.0
510,511,00732,信利国际,1.06,-0.04,-3.64,1.1,1.1,1.05,1.1,2604000,2777280.0
511,512,00558,力劲科技,9.27,-0.35,-3.64,9.59,9.59,9.0,9.62,10378431,95188228.0
512,513,06968,港龙中国地产,0.51,-0.02,-3.77,0.53,0.53,0.51,0.53,8759000,4485710.0
513,514,03606,福耀玻璃,33.0,-1.3,-3.79,34.05,34.55,32.85,34.3,8201217,270792832.0
514,515,03319,雅生活服务,6.58,-0.26,-3.8,6.87,6.88,6.55,6.84,7858750,52213122.0
515,516,00425,敏实集团,22.55,-0.9,-3.84,23.1,23.45,22.2,23.45,3222856,72572718.0
516,517,09922,九毛九,17.98,-0.72,-3.85,18.8,18.8,17.56,18.7,8183956,146401042.0
517,518,01138,中远海能,7.48,-0.3,-3.86,7.7,7.7,7.4,7.78,26254000,196614267.0
518,519,03309,希玛眼科,4.48,-0.18,-3.86,4.6,4.6,4.42,4.66,1816213,8132017.0
519,520,03800,协鑫科技,1.98,-0.08,-3.88,2.07,2.07,1.96,2.06,146697504,292214016.0
520,521,00873,世茂服务,1.94,-0.08,-3.96,2.01,2.01,1.92,2.02,8169000,15981270.0
521,522,09909,宝龙商业,5.54,-0.23,-3.99,5.61,5.65,5.51,5.77,1500500,8346785.0
522,523,00839,中教控股,7.2,-0.3,-4.0,7.5,7.51,7.08,7.5,11496506,82707438.0
523,524,00995,安徽皖通高速公路,7.59,-0.32,-4.05,7.72,7.72,7.38,7.91,6218000,46702014.0
524,525,06098,碧桂园服务,13.12,-0.56,-4.09,13.64,13.68,12.94,13.68,22919163,300752688.0
525,526,09863,零跑汽车,37.25,-1.6,-4.12,38.0,38.7,37.25,38.85,253500,9574084.0
526,527,01600,天伦燃气,4.36,-0.19,-4.18,4.52,4.52,4.32,4.55,499000,2194120.0
527,528,00136,中国儒意,2.05,-0.09,-4.21,2.13,2.13,2.05,2.14,28515767,59586127.0
528,529,03690,美团-W,133.9,-6.1,-4.36,136.3,137.7,132.0,140.0,41379452,5551985664.0
529,530,02331,李宁,58.05,-2.65,-4.37,60.95,60.95,56.7,60.7,21323908,1234602272.0
530,531,09696,天齐锂业,54.05,-2.5,-4.42,55.55,56.2,53.6,56.55,2347446,127224746.0
531,532,06988,乐享集团,1.08,-0.05,-4.42,1.13,1.14,1.08,1.13,14641000,16097530.0
532,533,03918,金界控股,5.97,-0.28,-4.48,6.27,6.27,5.84,6.25,2759468,16470773.0
533,534,06689,洪九果品,26.5,-1.3,-4.68,27.15,27.15,25.85,27.8,2096400,55176145.0
534,535,02285,泉峰控股,38.2,-1.9,-4.74,40.1,40.1,37.1,40.1,230200,8720090.0
535,536,01873,维亚生物,1.38,-0.07,-4.83,1.46,1.46,1.36,1.45,12104000,16764365.0
536,537,01030,新城发展,1.95,-0.1,-4.88,2.08,2.08,1.92,2.05,42257905,83204433.0
537,538,01119,创梦天地,4.17,-0.22,-5.01,4.39,4.43,4.07,4.39,9171600,38813398.0
538,539,02150,奈雪的茶,8.4,-0.45,-5.08,8.95,8.95,8.19,8.85,12430500,104764558.0
539,540,02777,富力地产,1.64,-0.09,-5.2,1.7,1.7,1.63,1.73,4415770,7322887.0
540,541,02333,长城汽车,9.0,-0.5,-5.26,9.48,9.48,8.86,9.5,46709236,421073056.0
541,542,02255,海昌海洋公园,1.62,-0.09,-5.26,1.7,1.7,1.61,1.71,19193739,31606763.0
542,543,01238,宝龙地产,1.24,-0.07,-5.34,1.31,1.31,1.23,1.31,15677000,19828130.0
543,544,09626,哔哩哔哩-W,171.0,-10.1,-5.58,179.4,179.4,168.2,181.1,6391471,1095120832.0
544,545,00909,明源云,4.82,-0.29,-5.68,5.11,5.11,4.7,5.11,16649866,79855310.0
545,546,01772,赣锋锂业,47.05,-2.85,-5.71,49.9,49.9,46.8,49.9,6755725,321260576.0
546,547,01121,金阳新能源,7.07,-0.43,-5.73,7.5,7.5,7.0,7.5,852000,6075120.0
547,548,01725,香港航天科技,10.16,-0.62,-5.75,10.88,10.9,9.96,10.78,13258400,135819584.0
548,549,01880,中国中免,182.0,-11.8,-6.09,193.8,194.0,181.9,193.8,1525129,284709888.0
549,550,02019,德信中国,0.59,-0.04,-6.35,0.63,0.63,0.58,0.63,12842000,7688492.0
550,551,09868,小鹏汽车-W,41.45,-2.9,-6.54,43.15,43.15,40.7,44.35,14952665,621058560.0
551,552,00817,中国金茂,1.4,-0.1,-6.67,1.5,1.5,1.39,1.5,56456260,80300405.0
552,553,03377,远洋集团,0.83,-0.06,-6.74,0.87,0.87,0.82,0.89,10296114,8620128.0
553,554,01813,合景泰富集团,1.09,-0.08,-6.84,1.18,1.19,1.08,1.17,35311084,39312157.0
554,555,00667,中国东方教育,4.32,-0.32,-6.9,4.52,4.75,4.27,4.64,3511500,15329245.0
555,556,06826,昊海生物科技,38.8,-3.3,-7.84,41.05,42.3,38.5,42.1,593500,23564055.0
556,557,01966,中骏集团控股,0.7,-0.06,-7.89,0.77,0.77,0.69,0.76,25623000,18153725.0
557,558,01521,方达控股,2.18,-0.21,-8.79,2.34,2.34,2.13,2.39,6114000,13343040.0
558,559,06878,鼎丰集团汽车,0.16,-0.02,-11.11,0.184,0.184,0.159,0.18,611660000,101744328.0
559,560,01268,美东汽车,13.44,-1.7,-11.23,15.1,15.1,13.12,15.14,8103481,110549992.0
560,561,03896,金山云,4.75,-0.87,-15.48,5.2,5.45,4.72,5.62,105120600,530266624.0
